,low_mean,low_std,low_log_energy,low_variance,low_skewness,low_entropy,low_dynamic_range,mid_mean,mid_std,mid_log_energy,mid_variance,mid_skewness,mid_entropy,mid_dynamic_range,high_mean,high_std,high_log_energy,high_variance,high_skewness,high_entropy,high_dynamic_range,low_freq_dominance,high_freq_dominance,hf_lf_ratio,label
0,3.397636988429934,0.863773082999885,18.771307577779005,0.7461039389151262,0.7509770245682176,5.909782877399991,2.859900289631287,2.0811240642101456,0.7519381554420671,13.92152300400704,0.5654109896096182,-0.5092735397594962,8.553362032654968,2.5294042889212474,1.4707154464928847,0.7195729365534426,12.82599640395658,0.5177852110201447,-0.8561953397201596,8.854162806970598,2.2936385492740383,0.989659883396942,0.0025910162108349526,0.0026180875412888933,1
1,3.397258428226992,1.031198906407808,18.16163595669277,1.0633711845766591,0.5908793873128038,6.029696679325937,3.3031429139557016,1.6615402235584498,0.8321435514269507,13.330458687768242,0.6924628901814581,-0.4939383530709375,8.491030848964632,2.6868935587118594,0.6892441470197016,0.7718197620571962,11.626053888933962,0.5957057451020269,-0.3694029700680138,8.765437323590708,2.4973639821243014,0.9906600483621242,0.001437333080064424,0.0014508842689687467,0
2,3.623132204936719,0.950748994060687,18.352057154765312,0.9039236497074082,0.2136458331091765,6.221116306115212,3.1886161151288124,2.218315761459279,0.7636705429734668,14.237125242874525,0.5831926982053897,-0.4221116904988544,8.542331339458402,2.5342567449716658,1.4981952641076035,0.7138928783915053,12.87920807175582,0.5096430418181086,-0.7097277997656222,8.852830603022111,2.327183655680668,0.9798865516054557,0.004114789663682106,0.00419925108364881,1
3,3.3764641168031693,0.8955503298603686,18.26777684567928,0.8020103933130152,0.7015890619085495,6.078248037758331,2.980516308434805,1.7439043720649356,0.7659688399979359,13.174855395710955,0.5867082638477835,-0.8099204179647045,8.574891662782353,2.485581899772054,1.1188156736333403,0.6672232976865564,11.956401926522146,0.44518692897572304,-1.0316773280559184,8.894164784007735,2.0906144035134795,0.9921072007815858,0.001801205652440767,0.0018155353081015543,0
4,3.1366405716870682,1.0347812005954427,18.786480536241058,1.0707721331057458,0.5246873678983298,5.693573707972944,3.3675620717899246,1.6034429512924802,0.7588208184973563,12.914091569907423,0.5758090345849977,-0.7192392493267195,8.568003873181928,2.484669396239668,0.8885305970764907,0.661596835163659,11.482854945798653,0.43771037229856974,-0.938699085315785,8.896565469094007,2.1219790745290092,0.99652290078811,0.0006707535682956415,0.0006730939828529474,0
5,3.39866872403105,1.0135622228921604,18.012080271629262,1.0273083796740972,0.45776270349267373,6.1190082248971915,3.430900402029664,1.5356782202588748,0.8450585797000247,13.074529352842593,0.7141240031246231,-0.44850876564361736,8.488991614132,2.780621801127572,0.6463501776944945,0.737156377162344,11.43446110330427,0.5433995243911119,-0.3912577119120369,8.788217083228709,2.3621271860799427,0.991509407976603,0.0013793457164429685,0.001391157466935016,0
6,3.3790413160113517,0.8559000129569978,18.22936320962471,0.732564832179789,0.42496360743039807,6.135082114826451,2.7534390112293035,1.8426908755791076,0.7558429707262961,13.3890947895709,0.5712985963963525,-0.637438529784589,8.567851151133588,2.48617194599238,1.1181413296921079,0.679547287925627,12.013513783153885,0.461784516527075,-0.8320136930385116,8.87980636448144,2.2186286168471905,0.9901946462247182,0.001977932504828663,0.0019975188841606646,0
7,3.13974110071961,0.9899560639264633,17.818324267434317,0.9800130085047758,0.6724666874610807,5.988654938972808,3.094684948988329,1.3647012764333222,0.7748978696112805,12.5104577380957,0.6004667083281011,-0.5141680694617069,8.54734025473509,2.4931529735298907,0.46326702275790926,0.6982907724384992,10.748981636080163,0.48761000287275597,-0.78906476596822,8.867622533213044,2.285905280579999,0.9942302100320933,0.0008458833171465719,0.0008507922095017281,0
8,3.286337191109644,1.0388425011717843,18.154351517305624,1.0791937422408486,0.5282752744274062,5.996153519252615,3.51876723089972,1.7746112879087925,0.7141817429226449,13.202027991530167,0.5100555619240269,-0.5397788535246892,8.579937291518247,2.3115377139392406,1.2707324535620053,0.6606775955751517,12.224705248199825,0.4364948852949637,-1.0403609440838,8.902933232825738,2.092633472878397,0.9903672993294372,0.002633805121022292,0.002659422542329095,1
9,3.0479002087949385,0.9436454137236582,17.67341761997708,0.8904666668416941,0.26370743436949695,6.073812279788482,3.042385911180765,1.3201854267099573,0.7812295298212675,12.417571865511968,0.6103195782647586,-0.6644210728784661,8.550282164329607,2.5490753707708103,0.5412548438410417,0.7013361065001723,10.899945076813186,0.49187233428082106,-0.8016558846584022,8.869020153157377,2.243655666105136,0.9936795538100908,0.0011364873471133054,0.0011437161434545403,0
10,3.273214767755871,0.9763031492845116,17.292016164125304,0.9531678393028553,0.1997820801179617,6.248721695535814,3.1376265381561836,1.7070080485817167,0.7660574939560342,13.146065114304715,0.5868440840461993,-0.6694100747587345,8.560659522748972,2.4912454705051843,0.9227881466755788,0.6781436030596654,11.615705533720401,0.459878746370745,-0.8847907315813197,8.882970585973068,2.1652193948463494,0.9811091833883457,0.0033614523278531487,0.0034261755824607425,0
11,3.305238240750224,0.8918124800815811,18.409829202458898,0.7953294996292605,0.3544568063661068,6.000451140558329,2.9683058365738137,1.701515051340511,0.7550401401202781,13.10162926283872,0.5700856131928492,-0.6451250436950077,8.569302933615809,2.4759965196906872,0.8923568831638683,0.6810056115029843,11.5151946981831,0.4637686428985536,-1.0098642378223774,8.891268779512794,2.163078063942503,0.9940713211391815,0.0010072002494913516,0.0010132072297761542,0
12,3.6103692406976706,0.972769025306643,18.573801049733706,0.9462795765960363,0.43440284725601447,6.14890525807677,3.2791021003232736,1.8529993266362503,0.7924809810554377,13.537061547416588,0.628026105334589,-0.5236584233303003,8.534695332164649,2.559042395974627,0.9561442902427967,0.7153747176328337,11.818930860513694,0.5117609866282565,-0.7969199035384519,8.849497714886706,2.279318477915674,0.9923981493090588,0.001156333470257643,0.001165191078865596,0
13,3.2879957613825415,1.0083698149690157,17.538811653821913,1.016809683740647,0.1740766541515402,6.196057568335201,3.205909023844108,1.4997808524853629,0.814469407476724,12.965900020792182,0.6633604157154859,-0.419810170660944,8.501930823335746,2.676098294164505,0.5900519793201487,0.7291175578078827,11.191532691393734,0.5316124131037311,-0.687704419398893,8.825161687819097,2.276189624177315,0.9880648176873106,0.0017306020229409644,0.001751506573214149,0
14,3.2988884022538247,1.0082594404367424,18.05237065099796,1.0165870992298132,0.20916513449949253,6.11916059115663,3.375870796242734,1.699470463912752,0.7690898486355523,13.244721521458162,0.5914991952742568,-0.4702724109150794,8.532842320879581,2.547591772743779,0.9129722186972945,0.7073686891503086,11.722380004598971,0.500370462390226,-0.7713422271958721,8.851967249228707,2.2813437595114636,0.9901489220037294,0.0017644953197581013,0.0017820504376123085,0
15,3.135017680767747,1.0647256358278934,17.91015091695669,1.1336406795891119,0.5394710394723597,5.930796666659009,3.4644538514375336,1.3768367489067783,0.8426817730808867,13.051988308358103,0.7101125706827469,-0.13118257952540255,8.416598549266363,2.7673333055727514,0.5351714235500242,0.7390219531115688,11.437641135871347,0.5461534471808378,-0.5086652773093677,8.754943282241953,2.2777672652305565,0.9907757980136954,0.0015310878403438433,0.0015453423906936,0
16,3.126487264598761,1.0959215864628087,18.36570837455638,1.2010441236751592,0.4226742997853634,5.810854073328702,3.6041457680694817,1.5298997301048451,0.7665374613833272,13.104646701301492,0.5875796797039959,-0.3133659406208757,8.491731803959496,2.4420493484999057,0.9507829054983931,0.711884890977158,11.933504444519071,0.5067800980015601,-0.8185515674851591,8.832612597925834,2.24632845900688,0.9932472171487421,0.0015980364596588027,0.0016089010188683887,0
17,3.1116303471699345,1.0073141324787374,18.598822930352167,1.0146817614913914,0.26455728274997603,5.760157721738257,3.284705812891475,1.5176741762454002,0.7871735629506044,12.807528168855722,0.6196422182083491,-0.6141969924660223,8.551041753978279,2.5651947394890806,0.83427019807207,0.6796478585104493,11.448317415895497,0.4619212115778397,-0.944500584564874,8.880624482685299,2.1862078423278155,0.9961761848844101,0.000781467763054621,0.0007844674214384051,0
18,3.8035195266158657,1.0110678790195873,18.391837843564456,1.022258255985167,0.43705967397266543,6.244939441451747,3.2843817259156873,2.0157254812851213,0.7898947924340931,13.976264790872587,0.623933783114499,-0.30515327734858766,8.506127770034693,2.641762245742528,1.130905451837141,0.693659043965687,12.235816213711937,0.4811628692753909,-0.6862503907346535,8.840346047406562,2.1812736236253145,0.9859907489930592,0.0020909642899970453,0.0021206733350515082,0
19,3.1121752189598655,0.9088980760760446,17.227801714685445,0.8260957126947354,0.6295364477975182,6.243755436169098,2.957687831720725,1.5610683110872468,0.7711002475579966,12.93868256003853,0.5945955917840036,-0.5631107891827666,8.540460373103201,2.4649362096593634,0.5994525666673692,0.7329004895475537,11.229281068065806,0.5371431275790439,-0.5400724300866644,8.819737768953352,2.3511960150195237,0.9840588136662705,0.002442849091651045,0.0024824218407737387,0
20,3.0143525070252895,0.9363906862958367,18.792337053593496,0.8768275173815879,0.2147721890357657,5.647670938412233,3.0518964836317615,1.7221374475084734,0.7455441797467645,13.148606914283969,0.5558361239542758,-0.632891227757302,8.568242586543793,2.3779539264695724,1.0589098550300393,0.6739074382608491,11.889777954243646,0.45415123534330015,-0.8024392760704542,8.880636122475742,2.183013949279928,0.9954757121084861,0.0010006618450985728,0.0010052097031871348,1
21,3.2734151509790883,0.9563324808071427,18.922177146667075,0.914571813846744,0.48236545665575775,5.807875604813313,2.925239924184724,1.8380631749645469,0.7697770912304757,13.454562663078455,0.592556770183252,-0.5601740066870803,8.548898832690192,2.5323893632748433,1.1783211689492161,0.6824274861834922,12.140315843036396,0.4657072738987205,-0.7782437842693344,8.877133063660274,2.207497046837795,0.9946730760594594,0.0011281203185442307,0.0011341619127899208,1
22,2.946000201605595,0.9451535857738481,18.280198513418718,0.8933153007011629,0.14844973653170715,5.81432100824763,2.9440026767175587,1.4154748382176572,0.7515194469688848,12.549768901143096,0.5647814791724185,-0.5936113668885714,8.564311273659637,2.4512985188335565,0.5544209192313027,0.6893586251085692,10.91581381871021,0.47521531401157685,-0.7694781780491979,8.872200923751254,2.197750851220342,0.9961358916740508,0.0006309674459306494,0.0006334150302227143,0
23,3.4875511629855964,0.8748588549564025,17.94654773565444,0.7653780160956276,0.27688571682116264,6.263574074168419,2.9738146060637716,1.9019910683791639,0.711720452010598,13.439094851592248,0.50654600181017,-0.6207005440806138,8.585349200893218,2.297687362099827,1.2342999411184736,0.6784629160670426,12.182954426229188,0.4603119284781949,-0.9924708780299869,8.895515518896993,2.142153384316171,0.9860315621146136,0.0030959507715016205,0.003139808998468708,0
24,3.5579988417918273,0.8578093212381079,18.13531754278451,0.7358368316029835,0.4177269141616409,6.2520082566455235,2.8393470937170036,2.2223810375954076,0.7189955436470908,14.041998925338262,0.5169545917843756,-0.7357199209072436,8.595109198153445,2.3246882745595823,1.671846140320213,0.6668929396311208,13.039261071760095,0.44474619292983775,-1.0224677993484754,8.899967990674556,2.173702220922186,0.9777038439200256,0.005984365600068852,0.006120836731166992,1
25,3.4766005005415312,0.9575820191374433,18.26731499173935,0.9169633233753428,0.6424079964007714,6.079538090748233,3.103325241711876,1.745292604132256,0.7551966052721618,13.230915218336312,0.5703219126145973,-0.5515980032424059,8.557568285852916,2.4687558137013763,0.8319774713056641,0.7099591963689396,11.483520409218507,0.5040420605088305,-0.8756513799968043,8.869207391643862,2.262567241737265,0.9924286933539063,0.0011234008772140268,0.0011319713796439125,1
26,3.4947781514326897,0.9259724553209706,18.13495529639968,0.8574249880131469,0.12549865616442513,6.199692720502388,2.8311003852706933,2.314947429048353,0.6893068012555285,14.204000234889032,0.4751438662571287,-0.7248794350432879,8.601530828739683,2.1963122510945263,2.014694145727937,0.650593550254419,13.705848062915528,0.4232719676326492,-0.9510532726328134,8.904338476878353,2.08424638028016,0.9694149093240787,0.01156040005823783,0.01192513127975129,1
27,3.390237533763227,0.9056544685120886,18.71654396432332,0.8202100163359137,0.3465633491354649,5.962273374934769,2.7201067332008666,1.8432671489178416,0.7310623874737017,13.38583091978748,0.5344522143787487,-0.5242193744500193,8.568455565819825,2.3563607886341797,1.191954589620402,0.6674409600038241,12.100908831043942,0.4454774350908263,-0.9346584507471803,8.894562175437516,2.112896781244635,0.9938580752443195,0.0013310382565852054,0.0013392639147777688,0
28,3.1193244635291872,1.1445001887637933,17.878325908389392,1.3098806820803588,0.43775025926198824,5.94619107391487,3.7673152621379025,1.20862186688041,0.8921214307392505,12.9787839845655,0.7958806471842473,-0.07376005134819653,8.355351672796656,2.835676075476973,0.25932736809368634,0.787001509024613,11.32581751941385,0.619371375207018,-0.26575429400088374,8.66113562197693,2.4768720578933596,0.991201571730679,0.0014139815609217408,0.0014265328075023836,1
29,3.0831328828916695,0.9428000936610316,17.858860898877555,0.8888720166072499,0.49540155281486503,6.046353432780016,3.199367537421243,1.3592854572575757,0.7931883542867282,12.533756038338964,0.6291477653760883,-0.5880624073500121,8.54017440368739,2.56323874944639,0.5131838552521281,0.6978090082029351,10.82668450182629,0.48693741192916395,-0.7786421805949567,8.872749360607683,2.2775894036433,0.9942820346968565,0.000877958903385185,0.0008830079119883354,1
30,3.5364223460172144,0.9590549752541365,18.86256678623246,0.9197864455597125,0.42398726275849324,5.999100695764195,3.1730835393682653,2.0281028446111016,0.7313468258358976,13.745992704307312,0.5348681796602427,-0.5600551482603537,8.570605688850947,2.369505005917066,1.3291693429002882,0.6841843432298385,12.41264420967314,0.46810821552084536,-0.8990078848786123,8.885031810832263,2.218185482303248,0.9924798059205253,0.0015687577892042905,0.0015806445429378457,1
31,3.216462725098319,1.0221444118138905,18.895982961205664,1.0447791986023642,0.4270764501333956,5.768018233050732,3.4695195913947536,1.362233653002213,0.7792953339135307,12.640162991081583,0.6073012174594012,-0.31059468620036584,8.512547391959597,2.528834854506819,0.5586902139154425,0.6975763112123504,11.056008843207742,0.48661270996463,-0.7023405341788801,8.844991971625442,2.1737484957677147,0.9976924064926771,0.0003927707780953705,0.000393679229729863,1
32,3.5343302005994,0.9551663708710643,18.710965294914917,0.9123427960429995,0.3103190768096368,6.087261116324334,3.06555650345619,2.0163805129334107,0.76777025844738,13.776496119389153,0.5894711697563567,-0.6710661809116503,8.558825015576875,2.490729789882281,1.3578651680146496,0.7143277906648471,12.650423199105632,0.5102641925161217,-0.5673576075927944,8.83897928609143,2.3467894060312324,0.9905625003783167,0.0023111167936647518,0.0023331357615315415,1
33,2.9698566777094806,0.9570934697496672,18.87640688948806,0.9160279098374572,0.4977923713098128,5.539262319154924,3.245266477494941,1.7096373583830278,0.7485129812925151,13.196871723384277,0.560271683163409,-0.5935735269828777,8.555324570046118,2.418595605653825,1.0837947654647804,0.676920238044923,12.005794397918914,0.4582210086747952,-0.7584837717899056,8.869136553910892,2.161686627821773,0.9955667544329458,0.0010332401960156743,0.0010378412009189545,1
34,3.443014868826381,0.9672878692947808,18.074631659493768,0.935645822084837,0.3915747173915939,6.139894027104317,3.2500854883768717,1.804729757156627,0.7744183888545658,13.397860642023197,0.5997238409961015,-0.4824142352368754,8.545779267087259,2.4841176628285346,1.0112166368077378,0.7189923887189017,11.919832499933394,0.5169500550357122,-0.7436213345463821,8.849801221605416,2.299093135020686,0.9886969285410073,0.0020992679375238304,0.002123267380451623,0
35,3.1216407074192354,1.0269502709731186,18.415099012962454,1.054626859051762,0.2835622661601033,5.83811803236803,3.400358085359465,1.6059876079315614,0.7487484114524335,12.973137912905813,0.5606241836525427,-0.552674739922643,8.555378675839904,2.396836799488803,1.0680970654894408,0.6683328138305216,11.805272018459847,0.44666875004262263,-1.3125377651365906,8.907916420786602,2.065102283979939,0.9943540115576645,0.0013394596645036592,0.001347065178934999,1
36,3.1628892898864396,0.9618344335812045,18.08098775857773,0.9251254776224764,0.3567863103392442,5.974834022813641,3.0843310044496866,1.5406276336673752,0.7938634173043277,12.964661416390067,0.6302191253341052,-0.42416115833536405,8.521784211002007,2.6212941960036344,0.6866766285113555,0.6974508242920917,11.15773051868238,0.4864376523057182,-0.9725380528322437,8.878437660098184,2.264992635864915,0.9930657843855124,0.0009777900254304241,0.0009846175760002238,0
37,3.296642088875091,0.9794188155370488,18.84530897109916,0.9592612162279955,0.2701696928388878,5.842273850697803,3.1710757083605863,1.843372626597792,0.7726457620966797,13.585727489991521,0.596981473685959,-0.4144300402843213,8.521357003871394,2.5183481032150774,1.197995148876032,0.7076361742186769,12.310249842861,0.5007489550628456,-0.7967562935703375,8.848831922926252,2.1807763982003334,0.9933947961120474,0.0014420547928545773,0.001451643192111029,1
38,3.3331699033998374,0.9206574290183277,19.211164987558426,0.8476101016066372,0.4322002272581674,5.720591828625757,2.9072954951571885,1.7427947848173997,0.7416825997393653,13.179103923809338,0.5500930787561435,-0.6147234691829266,8.570433211981204,2.3743092002519246,1.0589202907585977,0.7042267523324095,11.95756590822671,0.4959353187006529,-0.7147336213292541,8.862867252255725,2.3169561048873706,0.9969014665339798,0.0007054304153666364,0.0007076230089411665,1
39,3.33573417163663,0.9713207466250222,19.170543562149412,0.9434639928241907,0.1364089555519996,5.747206039688606,3.1429002726711612,1.8502476417225602,0.735336080950819,13.342402650755599,0.5407191519481095,-0.9082695421500829,8.584841072706551,2.3836770674580503,1.2290176268616004,0.6560154639603207,12.144643456704218,0.43035628895507494,-0.9932365304074947,8.901715975609111,2.1222007413709543,0.9961825174576421,0.0008851752648619092,0.000888567355228202,1
40,3.431014321373672,0.9968331534989253,17.467782526030135,0.9936763359146119,0.4609110618511627,6.286293623427344,3.1862189592192314,1.6401180644823254,0.7927825977349096,13.10553957516221,0.6285042472713115,-0.5168179795375718,8.536609183862856,2.580473246436917,0.6826103019285864,0.7290446516735024,11.30050660453925,0.5315061041337384,-0.7618063176516768,8.840493428808102,2.3316241437308576,0.9853705008390311,0.0020662632690617634,0.002096940457728707,1
41,3.453646055928605,1.0163312599854155,17.92839607624754,1.0329292300235424,0.4231475418599765,6.19278055940593,3.3238121257365294,1.5352944645606144,0.8527297126780332,13.183073838201809,0.7271479628839611,-0.40108418026151477,8.465765091769136,2.7764367753227797,0.6426249526467639,0.8175280165418034,11.664170343847436,0.6683520578307752,-0.27839889220534747,8.725487260128098,2.7505856825357893,0.9895156394850668,0.0018832327311214116,0.0019031864237147634,0
42,3.478062569161434,0.9551124382536911,17.786379684248754,0.9122397697069109,0.23654681151600704,6.2888900320362255,3.098155586067443,1.760637675117402,0.7892418837608192,13.377192394670844,0.6229027510823264,-0.4031037911258938,8.52741439971939,2.5834569486210706,0.8773058630359117,0.7221227731934483,11.656814421517597,0.5214612995645964,-0.8443081107212634,8.851451040996107,2.2995011667737937,0.9858602127557627,0.0021467376330327123,0.002177527407290293,0
43,3.4894110645867724,0.9565058090587,18.96227018993266,0.9149033627630383,0.5367821121423826,5.880039379241335,3.0362258243514195,2.2154993047169587,0.7158340499231766,14.0151225008936,0.5124183870294169,-0.7501202846601241,8.59782858274001,2.322530251713794,1.7033716101672522,0.7890884366339529,13.627962826574725,0.6226605608294159,-0.4319060501619969,8.766181053169738,2.580856014864111,0.9882136825595087,0.004766401362821678,0.0048232497150581125,1
44,3.4377412259390043,0.9596366469771005,18.417493253382,0.9209024942214521,0.30688770328585047,6.099135852180433,3.104973105919374,1.6790512369120032,0.8119876081562047,13.229334019180918,0.6593238757992343,-0.5317136553222025,8.525493140835557,2.6192101272668,0.7767133367408425,0.733991969261453,11.489745417380888,0.5387442109403059,-0.7400282464694173,8.840385311206575,2.370466379409916,0.9934803063631378,0.0009738153263155586,0.0009802059689340322,1
45,3.2801013868538464,0.9111645508580054,17.757843216117546,0.8302208387402708,0.5819136091292301,6.087481689454229,2.826216132854637,1.5881507887216848,0.7526118048445791,12.878108929179211,0.5664245287914148,-0.5442403323352428,8.567544621886144,2.4519836866979023,0.756296433276241,0.7072282134786035,11.37386816162586,0.5001717459401372,-0.7207518731713628,8.857767571282753,2.292721860865506,0.9907980316002206,0.0016728615389475139,0.0016883981251413108,0
46,3.165465779824635,0.9716389259526951,18.247889542321758,0.9440822024265069,0.40282568307426686,5.949836006045368,3.163608294427429,1.5764109320847755,0.7451612572213291,12.820522831100721,0.5552652992636717,-0.708542812947362,8.57747080410639,2.4425580287463067,0.9483707860976804,0.6720881574595813,11.645368329156122,0.4517024913974149,-0.8634079951901924,8.886365490534622,2.1412786804832655,0.9942812961223961,0.001349182626918434,0.0013569425797107114,1
47,3.178319383053959,0.9453881646764083,18.62339008523992,0.8937587819102277,0.2519102484930292,5.857260483149809,3.1593200826888763,1.4985995374987398,0.8113980987109964,12.91494228410308,0.6583668745918199,-0.3511276784397568,8.512120564473378,2.644613958384848,0.5945789832035796,0.7107666029120832,11.12164623659999,0.5051891638151829,-0.5841688326204423,8.840320978685074,2.291843180864321,0.9961449795154409,0.0005499922785325334,0.0005521207151995772,0
48,3.5477568225856118,0.9582391378251368,19.21274491895611,0.9182222452598616,0.3900923257694409,5.89192810448959,3.0600724615041135,1.9561177104400331,0.7405504473247488,13.58610639332478,0.5484149650328857,-0.5888491243264162,8.574273581435524,2.423170661573872,1.2819075146451695,0.6725094592793773,12.351990795875716,0.45226897282024053,-0.7727585700165241,8.876316405936524,2.15403027335401,0.9953727294217837,0.0010432732708653583,0.0010481232206064157,1
49,3.2341853237397107,1.0454206535537536,18.473965130216058,1.092904342876757,0.5991972322773315,5.804631634366144,3.4026210610511156,1.5400548209739533,0.8197128239146635,13.23495730230259,0.6719291136901522,-0.24166838854361253,8.457198551224886,2.642198047278236,0.6517524109688356,0.7144409319458458,11.607543886559679,0.5104258452396487,-0.29524023248923115,8.764834433590494,2.1999456158895025,0.9936923209786293,0.001035626314878462,0.00104220017908414,0
50,2.945674187688801,1.018303070046792,17.03505019747939,1.0369411424667219,0.3117078838012294,6.187552872751407,3.2856962472942666,1.3061889370258113,0.7809003821195595,12.436757397337223,0.609805406794474,-0.5199018294445572,8.537214665052236,2.508806412778395,0.6035472224732594,0.6981276477624335,11.011147479868526,0.48738221257030845,-0.856114347757557,8.872982606179042,2.2371221821898275,0.9876648398339927,0.0023903521343723428,0.002420205760057344,0
51,3.7922722808094806,0.8201181047631063,17.823751984345726,0.6725937057602295,-0.19950852001817304,6.528956034137634,2.522177826709172,2.5267333977843762,0.7395500423668022,14.69067303044327,0.546934265164739,-0.860550165097043,8.586229100260168,2.3568152867536214,1.9270188030720314,0.6689027995175646,13.580619526094504,0.4474309552024352,-0.9583569658281517,8.892031020732531,2.1211030356559295,0.945227890399372,0.013575865138035933,0.014362531275182685,1
52,2.9874282701881856,0.9524504365059925,18.210805711027387,0.9071618340004556,0.23645671344910799,5.888155368392412,3.0492687712316044,1.3170371052293286,0.7301025285029084,12.2886604562517,0.5330497021263402,-0.6653592087508369,8.580185937007581,2.391321571377146,0.5991300734846025,0.6492212147180185,10.894691897226668,0.42148818563993956,-0.8022783859031499,8.898214473982122,2.124239822947036,0.9966669598911423,0.0006625248967161387,0.0006647405034762073,0
53,3.095040593514149,0.9826648619291607,17.911097540260357,0.9656302308702563,0.2651950357526021,5.99158074548788,2.9949402356503176,1.4439830096670203,0.8461841191192139,12.907043440057663,0.7160275634495599,-0.3614250240534167,8.486779785697925,2.8092032171010053,0.6244992927611668,0.7670377138290739,11.281686391917463,0.5883468544361323,-0.6867580529382173,8.816963470469236,2.4512000612010154,0.9920323663800089,0.0013104159236742743,0.001320940695167102,0
54,3.484191111686631,0.9323362888722918,17.653114524254068,0.8692509555481575,0.5428375864134367,6.239095887344176,3.216206217627019,1.7893155302716046,0.7747503544819022,13.389776186841555,0.6002381117698332,-0.4445704040947822,8.53890061640146,2.5523746362519906,0.9784257537055662,0.6760869815469196,11.68784192935723,0.45709360661722487,-1.0081788099377489,8.891426876172117,2.165642982365218,0.9836308279569005,0.0025243359976565034,0.002566344939493002,1
55,3.2110690494880383,1.0581695117409413,17.985513859534585,1.1197227155780622,0.37624766670602033,6.0396634354218275,3.4045782074210216,1.53870497075046,0.7476326823367546,12.951071179437765,0.5589546276980506,-0.5555714107006328,8.53467884075911,2.392087560692374,0.9810301577025453,0.6550112916436011,11.77296499582459,0.4290397921806186,-0.9908310211303568,8.8818775225775,2.0128020085161236,0.9915579274914056,0.001987203763526743,0.0020041227127841877,1
56,3.337868687039445,1.0314873278562697,17.995222954989686,1.0639661075280675,0.3857922431083307,6.059686159587515,3.359180656437056,1.7069764263482425,0.819781254160135,13.368695477797804,0.6720413046723639,-0.3668216834557568,8.50324610881736,2.6965899354760237,0.9381482460579302,0.7190414696607029,11.850209340468597,0.5170206350918236,-0.5646192237449136,8.830964267697443,2.3119120560611885,0.9882078752108137,0.002118862654729095,0.002144146700183987,0
57,3.5918806176845575,0.9007662045792736,18.536930454756288,0.8113797553121497,0.2123281359930315,6.185304465221985,2.9702504380860097,2.3512375281341207,0.7164994981836953,14.321361549374899,0.5133715308974872,-0.7304618784766805,8.589480900561913,2.2722045365054147,1.8249850164703907,0.6536688430343288,13.337587758940987,0.42728295635383795,-0.9593273891447364,8.901585023930464,2.1123731768418654,0.9801191535344828,0.005410445590490006,0.005520191673613339,1
58,2.7010151645012432,1.0394072812825639,16.4891907553639,1.0803674963832108,0.534990182343438,6.114765383038968,3.3776887939493725,1.201657148736678,0.7286897785929067,12.01156351478014,0.5309887934257794,-0.7881107419434192,8.593412737644327,2.3357295105806575,0.8126633771786048,0.6642304501773244,11.300930146287051,0.441202090942771,-1.0845653936003314,8.905222551765474,2.1332349763304936,0.9833402072437255,0.0054887170625932576,0.005581707146886604,1
59,3.0490934468921336,1.0286909344167492,17.744300062265836,1.0582050385512045,0.5262797590309805,5.9792445902526925,3.337737780286308,1.4714080481432186,0.7880595803477664,12.794747634498274,0.6210379021778977,-0.5097161876477544,8.53034538891166,2.5437729167174807,0.5383222061219647,0.7097213479408712,11.017061749626837,0.5037043917230071,-0.7081081842595354,8.842335194940642,2.233736982585868,0.991783651234629,0.001187994602222698,0.0011978364442122177,1
60,3.458345406335073,0.9561804946009856,18.427867146072273,0.9142811382553856,0.7193341055196529,6.0175369045855165,3.048777574414956,1.8325660494396072,0.7581860856573195,13.375239289740888,0.5748461404843682,-0.6983086609339578,8.567260015809664,2.458548115066292,1.1765263594724173,0.6847378087773818,12.085097536201463,0.46886586676925024,-1.0124398577223728,8.891602513668808,2.22492104305491,0.991913981382651,0.0017451958448078985,0.001759422568452187,1
61,3.6344869316164994,0.9051587833774056,18.403428890760615,0.8193124231252652,0.22652835433488488,6.272352203855945,3.030189000166936,2.357883794267122,0.7282834533634535,14.37724074100363,0.5303967884429974,-0.6423611554356239,8.579484541757566,2.4181521197420865,1.735282170015966,0.6833301298203236,13.259949699365675,0.46694006632026036,-0.7581266316460061,8.875924793401751,2.226131735953662,0.976868193504734,0.005702316764275435,0.005837345101612013,1
62,3.576972100581345,0.934867525569674,18.195013727522998,0.8739772903647651,0.47818450432766807,6.202707202585192,3.1428160802104586,2.00089345274574,0.7740489069473712,13.794188992679858,0.5991517103464201,-0.5532347998132301,8.545068912575212,2.5411819265014977,1.216506604508511,0.702253863689509,12.280423043594011,0.49316048906684357,-0.9718242603322929,8.865946404741766,2.1766547336023083,0.985253724105795,0.0026599531556953577,0.002699764629775442,0
63,3.4411431520269735,0.9344445577485154,17.8866847104123,0.8731866315058185,0.4268325626543447,6.184774825123178,2.9724948833524376,1.6208258079491267,0.8015564433357877,13.186513038877157,0.6424927318531178,-0.35353817704749657,8.505528626992898,2.660838813114945,0.6635942659794802,0.7355421319179565,11.383627781073134,0.5410222278264125,-0.6431439508157932,8.820922578727862,2.3245723487864005,0.9895184602642282,0.001483140044118227,0.0014988503031284415,1
64,3.533468928892822,0.9455595662409394,18.079926881093662,0.8940828933097534,0.05274427819155008,6.270892617006245,2.953897552494921,2.2294453741400257,0.7616670801088292,14.270401313767717,0.5801367409215097,-0.39935316498926704,8.540491460897504,2.476263058631191,1.572803596008769,0.6747932241781502,12.901572026636604,0.4553458953967433,-0.8850484169111635,8.885168841956224,2.1741777712040604,0.9729557585195733,0.005484817154103661,0.005637272924361155,1
65,3.1891682211551244,0.9940466848912809,17.75245838332016,0.9881288117433455,0.28457981441312613,6.119786940472766,3.1481962851126513,1.5340833664553664,0.7851955872735036,12.969460703268883,0.6165321102737822,-0.4017046815805025,8.517568710399246,2.6451811807468633,0.8621028364733119,0.6968016981025452,11.577111222735182,0.48553260647859053,-0.7788319623924183,8.863516349549295,2.261233630722219,0.9896571409179618,0.002058569656757767,0.002080083669025345,0
66,3.4441105762442765,1.0546931060840434,18.50881682538997,1.1123775480212073,0.42101691436583677,6.01189206785234,3.5669729262375105,1.5980365705235744,0.8655357949872706,13.310816836634013,0.7491522124042466,-0.41785542738564757,8.46318278891162,2.7658047818909006,0.5734864314833165,0.7844024965454863,11.450924862561179,0.6152872765867917,-0.3330050370132501,8.752972917451192,2.528752438411792,0.9936523510527746,0.0008551276142246287,0.000860590339587705,0
67,3.4618570948859286,0.9219635990079013,17.354385717108695,0.8500168778956021,0.17082754701632274,6.389901795055204,2.9803822713727115,2.0532351335152894,0.7552392968265589,13.940927080601051,0.5703863954710751,-0.5999646424956271,8.544141468640301,2.4134809320126185,1.5846377017695639,0.7207924171875819,13.263461477333776,0.5195417086751172,-0.4323564355188044,8.808618688388743,2.3229798380664457,0.9526977108424507,0.01593269705307419,0.016723769640409062,1
68,3.188620054918739,0.995533866965133,19.095827083004963,0.9910876802745512,0.08959581907369685,5.679585544858699,3.249772792846258,1.572107228256504,0.793083830578563,13.03828686230693,0.6289819623251669,-0.5494521766960438,8.523120621930264,2.576112811989715,0.9485115468461502,0.6860643927132234,11.734311980157747,0.47068435094896405,-0.7679841424360346,8.865996820713512,2.1976900538323276,0.9970334413055262,0.0006333508205282059,0.0006352352832808592,1
69,3.8747091217204277,0.9521052457473586,18.31339878446264,0.9065043989796381,0.17491671214400228,6.337781089274651,3.1205038386748036,2.3703642161872693,0.7813710430333268,14.571116729807915,0.610540706890989,-0.4960407175554099,8.535402232668696,2.5714291415071506,1.731939118700795,0.7076359415416631,13.344894791218387,0.500748625761556,-0.6377625282412602,8.852409859236479,2.2905306461845374,0.9702581909510434,0.006746731862191417,0.006953542804496498,1
70,3.193750544233027,0.9934465584093083,17.429269437317576,0.9869360644152992,0.2329352364586742,6.223473965438533,3.083635558193239,1.4767475387896898,0.8144882059939746,12.889127330156635,0.6633910377032833,-0.3511815021735695,8.507289048110731,2.676184667968527,0.6685764490583261,0.7228034610980938,11.252419474779844,0.5224448433753837,-0.6382922410908026,8.844407027296365,2.3662532440370603,0.9874116371919591,0.0020508145360846807,0.0020769600628942043,0
71,3.200455291046417,0.9984687676760745,17.58410640653238,0.9969398800245789,0.46487888041306047,6.062462121888599,3.388555448679104,1.5067207983689033,0.8010286022242679,12.86271561632067,0.6416468215813643,-0.49323729083671913,8.53107669173795,2.5795744051150256,0.7048320895734246,0.7001254831787155,11.258359367169277,0.4901756921962298,-0.8408747340864501,8.862825912937762,2.2333182762622448,0.9894207014188702,0.0017706958101505763,0.0017896288278700105,0
72,3.3619545290844797,0.9666682624632528,17.634692462122413,0.9344475296537242,0.4144802353888449,6.204929519700924,3.2442370490711805,1.8402500802660822,0.8043544071759854,13.5034824134896,0.6469860123434309,-0.5338965889539413,8.537811923199357,2.594142569952502,0.8545354433325351,0.7692776881296779,11.811531996515077,0.5917881614541419,-0.42943255153084336,8.794858471734429,2.5646247845840824,0.9813333994611764,0.002903020634355034,0.0029582409362088396,0
73,3.406707539577581,0.9051918963609353,17.37273733628822,0.8193723692375062,0.32059711152922177,6.33013788327785,2.9341374230568698,1.9349449425076894,0.7525301564773709,13.546429767179015,0.5663016364078564,-0.7089485371245139,8.575098916574634,2.392403986729615,1.1922311661949918,0.6664386442661463,12.117565423780515,0.4441404665712991,-0.8851682283883987,8.889633889990282,2.154979278023955,0.9736999990404106,0.005083150947145123,0.005220448754395204,0
74,3.5741971364230123,0.9638714596420187,18.237852394394718,0.9290481907124357,0.038916621945019186,6.258383125788785,3.140491714991013,2.2372621305139933,0.806872598012472,14.398608942484664,0.6510433894233962,-0.5425234141107091,8.513907727946354,2.5973851226950306,1.3847330493260388,0.7678671926370729,12.961119943050372,0.5896200255283396,-0.46205920852772786,8.780355716664095,2.4623252478213713,0.9740712308167395,0.004976625156445942,0.005109097773345734,1
75,3.635529977583934,0.9973042329881563,18.036742301844,0.9946157331360947,0.2829399300981714,6.248152517081682,3.1553411672042078,2.0474166144727546,0.7537643806188831,13.846169615455272,0.5681607414897684,-0.6385268110896898,8.556399387552712,2.4064844958964713,1.1585340952099947,0.7155677071194186,12.220331779070584,0.512037143472142,-0.7431517445852326,8.850921028684986,2.3407638689355705,0.9822064561562965,0.0029252823442342817,0.002978276436587368,1
76,3.3140185282981376,0.9404259193238692,18.414782238694684,0.8844009097361445,0.6694916931442086,5.945679584337019,3.09412602848668,1.5966199629600881,0.8029984563880622,13.232797742064625,0.6448065209616106,-0.2777073126609893,8.483314338799818,2.645272763670305,0.78149209342004,0.7454251683333067,11.742182036925058,0.5556586815847386,-0.5057124074215608,8.790977080927018,2.373563639261287,0.9931650839039587,0.0012564580563350074,0.0012651049424694735,0
77,3.609401803403752,0.9945269308717698,18.05138983051235,0.989083816229222,0.14590533751981807,6.28356752308031,3.2241741274926183,2.139537153136324,0.7661670514543304,14.080290475439657,0.5870119507342226,-0.4903989009212308,8.543540025210337,2.5732264132477303,1.2983945662317626,0.7278788715658688,12.50356204572607,0.5298076516720026,-0.6912239479405151,8.846650868292098,2.3728442821718123,0.9777573818268769,0.003809255558704186,0.0038959108154078435,0
78,3.2889033525491125,0.9291467091990878,17.926696052084747,0.8633136072154943,0.43728329377913516,6.11446910358376,2.9242423971092824,1.6915876280708175,0.7595143010016903,13.154941564621302,0.5768619734260861,-0.5529290281414619,8.552340277424335,2.4737476797521816,1.0831357032452826,0.6577161268041991,11.94014894228764,0.43259050345831734,-0.8700948802753281,8.884397072502296,2.0772750627854792,0.9891413659757727,0.002485043463923078,0.002512323869370907,1
79,3.4578669615333397,0.871452158347677,17.955381702430586,0.7594288642888247,0.19882143905124078,6.282510839571666,2.8319212103801235,2.0529187148014443,0.7672730711192365,13.864534624552524,0.5887079656647449,-0.6531669423160366,8.55346600612964,2.4959316237441076,1.5180601418384287,0.6700280576950854,12.737613117820185,0.4489375980986488,-1.0230769832267943,8.89846962837411,2.113607843882279,0.9783352848823375,0.005301998652676408,0.005419408596015291,1
80,3.83683939968257,0.8409253512503814,17.884509345311912,0.7071554463755774,0.07664725556177325,6.512604377781694,2.7936880292542305,2.6687231167746246,0.712520616756762,14.919226074783163,0.5076856293034365,-0.7993106346178122,8.599576660858652,2.312472790362728,2.1369255835852345,0.6680516485190554,13.997441006435864,0.4462930050890275,-0.8964473191649764,8.892321230741798,2.1455002948852018,0.9327912361176083,0.019127232050648767,0.02050537281016775,1
81,3.389362021903569,0.999725519837324,17.986857453287374,0.9994511150140079,0.22449740791123823,6.170445849891989,3.254049054898913,1.8934152035042657,0.768310097574098,13.586694317117207,0.5903004060343199,-0.538578774381107,8.544550806992579,2.496456244532099,1.0794285198936502,0.7279438408240233,12.054849797986323,0.529902235393631,-0.9079373640147894,8.85193613831699,2.2917530028155277,0.9852910944921323,0.0026141250944275813,0.002653150027479981,0
82,3.2874425619686534,0.9981392643330504,17.62005804976348,0.996281991003323,0.38656352394071286,6.153442816335363,3.2436717788552714,1.7830227792825553,0.7744873167449271,13.32892960121229,0.599830603798757,-0.5324554242770198,8.552854630625156,2.5842188410002724,1.0251158800921276,0.6917255763693771,11.829622665015295,0.478484273003547,-1.0256531638593218,8.87963877125167,2.210668924856618,0.983529693933962,0.003006307088799348,0.003056651067416784,1
83,3.5101678851981535,0.907066087726998,17.475680143121444,0.8227688875043622,-0.5041904574598811,6.460086667644501,2.7618551298041956,1.9854138176937475,0.8059323784217907,13.801985469497566,0.6495269985886044,-0.6084887030632321,8.535945028810506,2.6356318374616494,1.0487358890922454,0.7116416028010903,11.921543768257413,0.5064337708373049,-0.871292098620943,8.867696508043021,2.3009618575796567,0.9715775416673843,0.0037613754707804033,0.003871410473656353,1
84,3.371101110570741,1.0393994534490478,18.209424957714585,1.0803512238301796,0.5508119121864896,6.0385029807541795,3.547974774266588,1.5242116875321852,0.8812524003036121,13.305577495547082,0.7766057930408777,-0.2581893543444264,8.428087125701046,2.8624825603255366,0.5908841168133584,0.756150337952167,11.664134348057557,0.5717633335851764,-0.1501042409392593,8.718132488564287,2.426604720240161,0.991222866116122,0.0014242548853822317,0.0014368664546277527,0
85,3.679313219478765,0.950838214796669,18.50278471516274,0.9040933107177164,0.22252905938598147,6.223133197547062,3.186306001932391,2.066488449744256,0.7892762121583188,13.943648597808872,0.6229569390789834,-0.5656322033124346,8.541152859478757,2.5375688037883775,1.1429945407258717,0.7166038369011858,12.225696553800596,0.5135210590615013,-0.6593399211353934,8.840474516417407,2.2765971700098846,0.9878006965398619,0.0018559427572449353,0.0018788635842696434,0
86,3.3446623534730806,0.9511964087058031,17.793701130892238,0.9047746079348173,0.8725817754559376,6.092931267811956,3.16346949045907,2.085592479854753,0.6962292080335155,13.79263004552583,0.4847351101189763,-0.634507612188031,8.590762993833417,2.2442232431321734,1.751780880322524,0.6515796524973236,13.196301146404156,0.42455604354853305,-1.0205107098728237,8.900937958404718,2.0361647309995745,0.9724088362298691,0.009799940801005436,0.010078004678567948,1
87,3.2296809416107126,1.0582969059138427,17.83030025427764,1.1199923410668127,0.521185754906465,6.039709877263292,3.549456956975197,1.4954593358696162,0.7510715359844359,12.76807300172626,0.5641084521660197,-0.47656160307938406,8.549174550385658,2.5120819100124434,0.9523064041106035,0.6862743940952453,11.693930894712993,0.47097254399079597,-1.015070345138611,8.878641430889731,2.1281650644114674,0.991577340120817,0.0021445453856615295,0.0021627615909417925,1
88,3.2462493643560735,1.082205433142891,17.39207708918355,1.1711685995239922,0.40387005580308216,6.169928835636398,3.5115082717868984,1.4234488189422774,0.8845787498575439,13.093169454478133,0.7824795646995353,-0.13245622091016568,8.423291071185695,2.928654877013706,0.40710951707614007,0.8251766757685713,11.462270299425063,0.6809165462324699,0.03134594856541363,8.646599732373591,2.794894910608347,0.9840172139405609,0.002616497525191596,0.002658995684347494,1
89,3.5215643253236695,1.017736065000349,18.17329611057717,1.0357866980023946,0.23215425681399118,6.132085596430441,3.1013828855502408,1.4386947458795456,0.9970770568045291,13.671985727305907,0.9941626572059822,-0.064731589545316,8.286435841491901,3.242296610906717,0.3988824037100535,0.8313896283302113,11.937262944609618,0.6912087140950469,0.18358675255718163,8.543847202403242,2.674151510600799,0.987116106614634,0.0019323840553123034,0.001957605637638226,1
90,3.505549442313091,0.9744476202866978,18.185078757477857,0.9495481646824084,0.16461844472896806,6.2369348662852735,3.0736578100441054,1.913421815624843,0.7756763927077409,13.657700301411658,0.6016738662040935,-0.4795595210459296,8.535362622490346,2.543825246725852,1.0493590919021187,0.7068081693712368,12.071877841827119,0.499577788289919,-0.6857098669692526,8.836636154117327,2.1974217320971547,0.9871449741221127,0.0021850003672064912,0.0022134543805479583,0
91,3.663759057936116,0.9370098419694385,18.49586890399822,0.877987443947592,0.14696225856186715,6.2560354242651215,3.103472145947455,2.0922686234487866,0.8149545688254919,14.107436187739312,0.6641509492495434,-0.45082682690345754,8.511489626103067,2.651104072198204,1.1582658446312872,0.7599636106507315,12.446563768743774,0.5775446895132966,-0.46260204666356447,8.792593444312534,2.460294031912909,0.9854355766384808,0.0023251361999727244,0.0023595009710368204,0
92,3.528575790862808,0.9128617428388769,18.235572945272146,0.8333165615388318,0.5584315200996525,6.162576292965249,2.858628317517816,1.8341349595717786,0.7877188016086967,13.51284355611343,0.6205009104078412,-0.49953851971949087,8.532394425018964,2.5979456541606747,0.8537609416859724,0.7435686102147814,11.71209769451594,0.5528942780967414,-0.619796338012542,8.825053693087366,2.3605305473600176,0.9897467821919779,0.001453499190510945,0.0014685566214137128,0
93,3.244317091806816,1.0933911116482957,18.26375446784652,1.195504123031496,0.06682551575122442,5.979609613035931,3.6359196525602826,1.6933310372228703,0.7772280295869125,13.17002861734697,0.6040834099755545,-0.6287038134799973,8.547541893978327,2.542428590457973,0.8047318601183474,0.7594767146543032,11.5892959340925,0.576804880102094,-0.7527659837697876,8.829193423123293,2.4365582256371985,0.9926564517946675,0.0012534830300040046,0.0012627561405940365,0
94,2.926533982810629,0.9966061434652345,17.675637352210558,0.9932238051926475,0.34526986583550684,5.936538072650068,3.188079962666107,1.2061689315385378,0.8016531521957176,12.312972353424232,0.6426477764253304,-0.4513497895886694,8.516799903007882,2.6177482428032723,0.4218090760689805,0.6864938034880785,10.68852791357815,0.47127374222752855,-0.7101438499394824,8.863979344922615,2.1600650146431133,0.9944192123787771,0.0009185576801927436,0.0009237127247324967,0
95,3.4390527314346757,0.9700656909083484,17.615228918208942,0.9410274446774912,0.44714017314105703,6.258007059493565,3.278498720042535,2.045041255552459,0.7630270519743357,13.84465445003165,0.5822102820446456,-0.7176585902059305,8.557164330406128,2.4763578700005655,1.442475546866178,0.6763259186750412,12.681100859853775,0.45741674827163853,-0.8699537369524494,8.87763328225208,2.161149102415164,0.9706518013979718,0.006985522183005855,0.0071967333424251875,1
96,3.3833052927318086,1.0560853595400026,17.77486462277301,1.1153162866347366,0.6231452363936535,6.137423187514394,3.488017653127523,1.3767469938424908,0.8765716493867145,13.162608926566962,0.7683778565085452,-0.00517907747171845,8.378314215376081,2.9758869952804523,0.5549558305889093,0.7559316936050348,11.652322911479706,0.5714327253965762,-0.14735522070614848,8.698709635557263,2.3454330719432157,0.9880229188715045,0.002166610973628316,0.002192875218019199,0
97,3.37111344176295,1.028081034950805,18.067174648054756,1.0569506144255183,0.4954051181975221,6.063786301650216,3.297707827577747,1.7342360844508895,0.7620938318044997,13.317485247492572,0.5807870084744652,-0.41266763674338447,8.531778354778606,2.479389180335667,1.0868775053118802,0.6846161914816068,11.943094026264202,0.46869932963878,-0.9829887241790392,8.883713786673425,2.1432378886803667,0.9892724424049102,0.0021660151532185384,0.002189503174629003,0
98,3.658303652738459,0.998532254961209,18.065408734120314,0.997066664197917,0.0460511760191027,6.326165658848618,3.2744216038271676,1.955879762010173,0.7588730783070429,13.702262913722343,0.5758883489792073,-0.46141176748439333,8.546010670915203,2.513059114032742,1.2694892330523073,0.6949022220518217,12.381893708463494,0.4828890982125593,-0.8355522043958291,8.865877897798388,2.2401299800696695,0.9841165235970023,0.00334755183339587,0.0034015807611484624,1
99,2.962115281459012,1.0356331460089487,18.341508680453998,1.0725360131123927,0.42668616778987567,5.713495331366136,3.1156867902572056,1.354821125493959,0.7811597659405849,12.484603349287454,0.6102105799243495,-0.6611260978513395,8.550935912250333,2.500437435985718,0.5195370271457119,0.6979594592272381,10.92662643357626,0.4871474067247787,-0.6224981252573324,8.853151014207066,2.2446728989859714,0.9965496418822892,0.0006001454165424611,0.0006022233026032729,1
100,3.4143539532979963,1.0509420401472749,18.731880314836285,1.1044791717489162,0.22260426541221737,5.958751051408161,3.362184496566007,1.7139200323070551,0.8065217326035479,13.407856112566323,0.6504773051618288,-0.39488482657285867,8.499118879162111,2.6481046126321894,0.9143421980806632,0.7283231638109363,11.902622186658034,0.5304546309435719,-0.5143393821190617,8.812548906162748,2.347776288149359,0.9940804851825887,0.0010752573692804615,0.0010816602732956402,0
101,2.833841039290652,1.11293673048361,17.90962627128748,1.2386281660595475,0.4706124839707904,5.799250754777586,3.659880115344687,1.229768522662733,0.7925137340571947,12.350055185879532,0.628078018669278,-0.4570861716822045,8.521029808197314,2.596887094934111,0.5875229267051604,0.7264059459399783,11.137561199164802,0.5276655982969547,-0.6564214625090322,8.83506027697403,2.3413073976313896,0.9950290789294475,0.0011396336939367396,0.0011453270241738788,0
102,3.3116685907188845,0.9314022723360111,18.66282362192363,0.8675101929126852,0.24281530038929602,5.9496122923533115,3.0077174460362226,1.8997050678701788,0.7562700134776009,13.452533096327137,0.5719443332854106,-0.869632447169379,8.58155015299553,2.433213214253747,1.3667206508868008,0.7149743650531943,12.55878929250696,0.5111883426832184,-0.8893806461633775,8.867992731972931,2.286408947062278,0.9923648198585325,0.002216781728429131,0.0022338374799956598,1
103,3.306350340903162,0.9524913678999273,17.622206714703612,0.9072398059238747,0.41754837357984564,6.242505766785246,3.16563969859895,1.6366053799718698,0.7389372555859428,12.961306979999343,0.546028267692885,-0.6268521293647834,8.57205508427356,2.4070528543173633,1.0681607893668055,0.6631439463256896,11.8432028207702,0.4397598935484091,-0.9219857844776004,8.896444934027162,2.129173848323027,0.9876058014443454,0.0030534733251215617,0.0030917936292556643,1
104,3.2830517308004397,0.9873041378913749,18.038462738054804,0.9747694606974312,0.43416586690737713,6.099935654380474,3.1847686790112624,1.6161425221085146,0.7959789708248423,13.102173928258233,0.633582521995375,-0.453943929579821,8.525401706745878,2.6217022496410127,0.6708854717512983,0.7390175021506908,11.369417560069886,0.5461468684850463,-0.6008749778042911,8.817776980464542,2.345733900407019,0.9916200075228834,0.001258971098627161,0.0012696104244327765,1
105,3.4519220301297837,1.0012348589142286,18.805875210947686,1.002471242704995,0.29307534704641214,5.931347860578889,3.3329160266539493,1.7673121199664918,0.850609483356346,13.528670807278427,0.7235364931757499,-0.43597672963764655,8.493227043930712,2.7850952218347613,0.8079543409464166,0.7715828187210021,11.765434214202802,0.5953400461454468,-0.462912360566139,8.786181839750459,2.511083559034663,0.994053149232638,0.0008705323817303134,0.0008757402784773864,0
106,3.588007404554607,0.9359457024093997,17.716868663811415,0.8759943578586246,0.6353694627231832,6.271989544344759,3.106293496307548,1.8582618955613577,0.7523216747590965,13.42413952750462,0.5659879023123318,-0.6045955925256267,8.566044323127251,2.4084190183410397,1.1260622704193255,0.673471345344877,12.010794297615695,0.4535636530006385,-0.8496591072859775,8.884003848961969,2.1755368268802,0.9832906701332944,0.0032701321836401,0.0033257024427952747,0
107,3.39747197317408,0.9174471535021047,18.153596640054495,0.8417092794691146,0.1812934245341455,6.172013975324527,2.9492775927328325,2.035345446462207,0.7492747396767708,13.793612540616477,0.5614126355176927,-0.5029358656269015,8.561546979871753,2.4938789836633566,1.3022796494326394,0.6804741921790816,12.350620131386144,0.4630451262217737,-0.9131883012766556,8.886772589022156,2.1522576725783145,0.9844485215624158,0.0029716135827166693,0.0030185566006035837,0
108,3.2773443454949454,0.9788361323197728,17.403151359331154,0.9581201739347318,0.33034308413743063,6.216861554318733,3.1093816237982868,1.596200169343205,0.7900558346772834,13.035271822215577,0.6241882219076188,-0.47251529731485487,8.531130516787037,2.5760974150368736,0.694657509074062,0.7481937137471248,11.442541882571872,0.5597938332907146,-0.4643847003974196,8.80929097990925,2.4476470681210234,0.9849728255476675,0.002539594888911846,0.0025783400547114313,0
109,3.4802579958549003,0.9358218125506804,19.215975954054,0.8757624648456409,0.30462121440726125,5.866629002377302,2.955863518880071,2.0782364495154235,0.8024173523412546,13.994556956233192,0.643873607338349,-0.5330553245301719,8.533727549551116,2.5767310830010226,1.0574472282711853,0.7541456552908201,12.157083241924626,0.5687356693940205,-0.5020552056782565,8.811986020753492,2.4295280261438297,0.9937795451450485,0.0008543816264426057,0.0008597295352038094,1
110,3.361586509495631,0.9077203645044877,18.69564378518735,0.82395626013616,0.43341108721237914,5.941373297625178,2.952594939725509,1.8884066113793894,0.783634672603535,13.5877938569032,0.6140833001064495,-0.4734855516804645,8.539913328660383,2.5644205471238912,1.1386420386541907,0.6985559795901738,12.114404319569372,0.48798045662118733,-0.702747679260571,8.863798123148403,2.2951330726599415,0.9926196692073245,0.001375900069802118,0.0013861301689708301,1
111,3.1649808707787055,0.9355124218981928,17.748044217722587,0.8751834915258223,0.3951142744986121,6.134188706782892,3.0012673487315347,1.563519859623101,0.7699714492366566,12.887426451666878,0.5928560326395973,-0.5966805491767581,8.554630761144097,2.493060510789484,0.7773245222725444,0.6845817114163294,11.376623186364109,0.4686521196057105,-0.7970093980821149,8.869750418245879,2.171145634175572,0.9906331423177602,0.0016937131433879971,0.0017097279215040775,1
112,3.642674169988211,0.939606107182169,19.047319851613654,0.8828596366540296,0.32130522132038986,6.04908105926173,3.09709717161357,1.9717849357900872,0.8728719004901833,14.11013430984298,0.7619053546653445,-0.4357179203094503,8.45199207740039,2.8494907978820425,1.2420262835784528,0.7463771739451904,12.697891790082924,0.5570788857864091,-0.39215396920557577,8.779665087234857,2.388457786209593,0.9911563976188381,0.0017322900791899908,0.001747746453891291,1
113,3.231626332609333,1.1255948369408195,18.237960920678816,1.2669637369478302,0.4113884797428292,5.930587607081737,3.745221588496774,1.5768559090854812,0.8382897924766604,13.13491483348162,0.7027297761705622,-0.4644989871275224,8.49888046608117,2.739941208115078,0.8523690291707303,0.7166925719414753,11.681492649104193,0.5136482426760868,-0.7597640188083145,8.835859161548427,2.2211517271214096,0.9925567192222677,0.0014103189538101986,0.001420895074807689,0
114,3.1554133836027987,0.9605584566956625,17.479803347124985,0.922672548729553,0.3175635000684597,6.153313549017893,3.1172608299184077,1.5629452187043351,0.7498622467848494,12.79668537814623,0.5622933891532222,-0.8297589911716055,8.577699315340613,2.393586604273816,0.9700314945320694,0.6782677666346024,11.691629962291476,0.46004716325549155,-0.9028825920702552,8.885937804011009,2.1958198137426947,0.9878360825297827,0.003026307988072921,0.003063573037667086,0
115,3.4391540609604396,0.9832954266954823,17.889505208607567,0.9668698961602507,0.38181633030364776,6.182468940250441,3.177279816784506,1.6707850392937482,0.8202404153044003,13.33183696959081,0.672794338898735,-0.3606653468927651,8.494063426387328,2.6772950111503664,0.5850706439399899,0.7206264965721223,11.116301044439407,0.5193025475618109,-0.6449374010453148,8.839384116052184,2.346311374848645,0.9885032079418672,0.0011308705379558686,0.0011440231340375923,0
116,3.8317549580555426,0.8556156360449544,18.580541387225924,0.7320781166446119,0.13074786163020016,6.350137219953805,2.858603297967645,2.3782911163101876,0.7837323882733978,14.583587237678437,0.6142364564287238,-0.48039039755656365,8.53488787361731,2.5340191603380884,1.5296597119788664,0.7299630692007211,12.939295016800546,0.5328460823969368,-0.7859425415198293,8.853928985831438,2.343543498987774,0.9785502244787029,0.003472329669296797,0.0035484429745510403,1
117,3.0179062685402833,1.0386858228727343,18.749907797542964,1.0788682386368091,0.21682321000771212,5.723062633420064,3.3415291538333314,1.5642816842173715,0.7610369531152814,12.949786691354907,0.5791772440069911,-0.34034263276871435,8.53609330807967,2.465290030855675,0.7682450663515502,0.7352981584638703,11.479797842034086,0.5406633818403588,-0.6462159829669665,8.836623000275058,2.42639515464813,0.9962905874038217,0.0006934535739291403,0.0006960354566193107,1
118,3.3461375214444535,0.976399629542274,18.219366111425455,0.9533562365702899,0.04832848948199942,6.122909015155768,3.005760508869437,1.661271220688358,0.8215176329237831,13.237871469265071,0.6748912212046956,-0.5235400083012929,8.514674056786584,2.6713554385121423,0.766759868549472,0.7384245529106657,11.534257598576778,0.5452708203413165,-0.49649039266882405,8.820525837819062,2.443352180521384,0.9919521187293813,0.0012393243175014817,0.0012493791727457232,0
119,3.0486733593749555,0.9866951750782144,18.395045012489412,0.973567368522628,0.24899819062814943,5.8263324259906835,3.1011083032662325,1.9284143524097954,0.7215300121958873,13.55640956822699,0.5206055584993973,-0.40965662562360117,8.566978921705932,2.3745977001007708,1.4033569399517902,0.7062347339348058,12.682346220704815,0.49876749941596593,-0.7523427710218238,8.855124688595874,2.2784908795157173,0.9889029313972487,0.0032670825064119767,0.003303744384492646,1
120,3.1938206794651376,0.9812147718619529,18.24288361882645,0.9627824285201043,0.324709904075734,6.018522641356544,3.1877377741804422,1.534845361534049,0.7849487446528783,12.891563897219818,0.6161445317321297,-0.415252205709769,8.536289136109806,2.5547437563918547,0.7747606303998411,0.6946851213972524,11.353793429849445,0.48258741789071524,-0.8763612000421787,8.872816966119899,2.1627512808809177,0.9942722666544943,0.001013004725677984,0.0010188403716484221,0
121,3.545289203702985,0.9664522193408408,19.04102067091056,0.9340298922688367,0.16474566430523166,5.991332149609791,3.252531798323461,1.9740030885185973,0.835701813296758,13.971303537176501,0.6983975207474893,-0.36003816650131976,8.484693217024136,2.7434851245408174,1.1555440834689117,0.7533572819463582,12.434537456878433,0.5675471942616046,-0.3511993801101517,8.790779541291364,2.4811912139780152,0.9924220887363358,0.0013413348776177738,0.0013515770082523186,1
122,3.5563607332741176,0.8880515083537789,17.859433580381555,0.7886354814894219,0.22512148408859942,6.30464807031388,2.779487681679298,2.2323166382839505,0.7045526261209182,14.040207313310484,0.4963944029738824,-0.6667711284277098,8.59964328963519,2.2583586807793297,1.6257207353044383,0.6485919232295043,12.928245417444817,0.4206714828785473,-0.9376175163254589,8.903732613139972,2.0894449900477383,0.9716636679933021,0.007013392679431639,0.007217922116935614,1
123,3.4038756606909826,0.9718119176938124,18.50303623061901,0.9444184033717251,0.3813973794359368,6.03132850778684,3.2429463708320516,1.9316606157327352,0.7780013562963927,13.694699446278069,0.6052861103990266,-0.4966502407029437,8.538323434484525,2.549688744988646,1.2896195600752927,0.6745301398470573,12.400614376966834,0.4549909095620907,-0.7251863877470666,8.87054759317427,2.178003719174028,0.9897081584551342,0.0022144149918422113,0.002237442394431465,1
124,2.9740958738072862,0.9443565272267348,17.11212970080556,0.8918092505157387,0.5832173692013267,6.145037273876383,3.012030478988569,1.4067820114069545,0.8054311464613513,12.737280371728449,0.6487193316900467,-0.43841283901382644,8.510993035224487,2.6033454216484246,0.463667838626258,0.713451241627055,10.832972621939454,0.5090126741791864,-0.6865498399760219,8.848096932609405,2.2689733985000036,0.9857412338877817,0.0018482454820728021,0.0018749803889031686,0
125,3.406507971354913,1.05479387392199,17.698226333124023,1.112590116463359,-0.010312355509553856,6.248515567622125,3.4634728922180456,1.7935494504393852,0.7890207941460455,13.47818251476531,0.6225538135948564,-0.48285004618771754,8.521747022105533,2.5549445488772355,1.0849806460700941,0.6860406248960831,12.052291444916586,0.4706517390078081,-0.8475229480433862,8.859786475309864,2.149948583803609,0.9820965320281968,0.0034686127035480244,0.0035318449769746645,0
126,3.4746711484485786,0.9730564139046228,18.368119961355927,0.9468387846409246,0.4211107090187051,6.099969422139924,3.1638697264478632,1.8736481782164323,0.7752518619544897,13.471612460596917,0.6010154494639032,-0.7038212485866356,8.564856190920247,2.539764458706959,1.5575642525240176,0.7750640203960141,13.166083404027525,0.6007242357124329,-0.6138235932823229,8.809395004521248,2.546905990412358,0.9871882932545702,0.005434808238346221,0.005505341053456684,0
127,3.5093864847502485,0.967057279394105,18.45624350693862,0.9351997816291281,0.5836580621671421,6.076028071586718,3.350835005325197,1.7166165328867948,0.7570157466268257,13.193544981903583,0.5730728406409704,-0.4197746929385779,8.551700047093872,2.515303326281992,0.8479309710267101,0.6746892900600134,11.430169032533641,0.45520563812168496,-0.9270226177565772,8.889826239423382,2.184354716616951,0.9939669028007171,0.0008830525516259589,0.0008884124301702271,0
128,3.2596876530743777,0.9782896926369424,17.502679931066222,0.9570507227196834,0.26118918784063805,6.229056070135789,3.102078749651855,1.6056665168450235,0.803619711984739,13.08415773434496,0.6458046414904349,-0.5257815237369103,8.527042478191923,2.636748502757836,0.7876971928189761,0.7261744385041797,11.54800865453974,0.5273293151368607,-0.6338239584253066,8.832631836590494,2.368266043913291,0.9855656752021918,0.002556258048470267,0.0025936963033395444,0
129,3.2282787781455955,1.039563863614521,17.88924663112426,1.0806930265331507,0.3616022870929799,6.057635098154458,3.410651535247772,1.4276801243640262,0.7798096850667532,12.651339905489053,0.6081031449239088,-0.5106015778881485,8.543905848715937,2.5467847112374367,0.5552894950460002,0.690244884753833,10.879460079026073,0.4764380009288322,-0.8858482301801728,8.881595424806989,2.245135008236144,0.9938240151622865,0.0008974243891538458,0.0009030013115624913,0
130,3.2206847290689997,1.087078800467603,17.17807418333469,1.1817403184260828,0.058169799891208844,6.209010801721105,3.4298534603014437,1.4055046945243228,0.8381837651426689,12.800755507155198,0.7025520241487407,-0.41931933396885795,8.494102801994305,2.7355008612677003,0.47087424125690236,0.728683021371987,10.907482930805804,0.5309789456358077,-0.5163250121400633,8.831099376221726,2.380076097625654,0.985755732705207,0.0018641726507912398,0.0018911101289519215,0
131,3.2264170734866693,1.0743081153164387,18.252979035958173,1.1541379266347584,0.5368470521002614,5.9652364077808295,3.6068450223110764,1.370314922643441,0.79355681751866,12.575706235622535,0.6297324226303439,-0.5005817111104045,8.53429558636121,2.6434619484885324,0.5411108297764333,0.7190311344388138,11.015834392071136,0.5170057722923675,-0.6505786811614915,8.840857706277362,2.3037850699759868,0.9958748439284971,0.0007163953834552567,0.0007193628675559689,0
132,3.72862895787291,1.0449256541938199,18.862398226080227,1.0918696227923823,0.14003149407497156,6.062783604533026,3.363874242891883,2.1445297556658014,0.9230835963184278,14.582207795084464,0.8520833257921622,-0.27734753350811714,8.415891277757005,2.9861477501594615,1.319547928608073,0.846914264133996,13.064342088787761,0.7172637707936279,-0.29352235329827947,8.710553455431109,2.884208822168429,0.9834065177705347,0.0029831101938246046,0.0030334456198109878,1
133,3.7387015374980908,0.8899262254781701,18.38859169753678,0.7919686867938228,0.03850727445414167,6.335512838646406,2.7740657274251386,2.1998420367028455,0.7316252749652886,14.072782782476558,0.5352755429680343,-0.6263262965645002,8.576367948468647,2.4318475344640014,1.501569514998959,0.6638886477496074,12.727879301397826,0.4407481366108023,-0.8620631458415072,8.892107139980872,2.124630609374779,0.9834429721453148,0.0034224177830501266,0.0034800368501127746,1
134,3.844877481778354,0.8515670080459625,17.979639119531388,0.7251663691923524,0.2821366462598755,6.443484045805649,2.7983160756529215,2.5641801048855366,0.7422575682598074,14.83729481745324,0.5509462976389626,-0.5051552541420226,8.566262151969038,2.4192642337572665,1.9305079705238468,0.6980776723565288,13.680899302841382,0.48731243664270923,-0.7614318928259336,8.868161783245485,2.273635886970411,0.9462822825233851,0.012855877551265663,0.013585668662192204,1
135,3.1174945549647632,1.038819115523584,17.699852721933773,1.0791451547772015,0.5452976981388961,6.001673169376946,3.270473406117245,1.2423876647209955,0.8411066930598725,12.48563433592233,0.7074604691101146,-0.45538553825541317,8.493003543105413,2.73638813461604,0.32083263885885477,0.7894182327398854,10.807636472641617,0.6231811461821639,-0.4948573144162195,8.782219670698392,2.589611838819275,0.9935870482369742,0.0010091470071177029,0.001015660388194812,1
136,3.731570688883962,0.9769985700101835,18.52874911544807,0.9545262058019436,0.2562461495555915,6.193402961145333,3.214641760891524,2.0587308721237108,0.7785616591806546,14.017372781539995,0.6061582571461337,-0.3219288617028335,8.51743443629295,2.5874674963415787,1.1867407635465796,0.7372618771745092,12.385779134740064,0.5435550755348811,-0.6175780363990835,8.822220490056779,2.368474386063905,0.9870383446560703,0.0021206844867336597,0.0021485330313814745,0
137,3.8369833356338092,0.9405820800891297,18.119937860744198,0.8846946493847939,0.31196534940418547,6.373197380234045,3.19276558734215,2.0999067799996514,0.8138208215993245,14.094614719710522,0.6623043296685995,-0.4939220459885765,8.51859664793227,2.6330371502338648,1.0302468871281054,0.7432389023150857,12.101290150805973,0.5524040659145335,-0.44988721558731987,8.812528594637838,2.4129296718588464,0.9801129110520426,0.00238457299469848,0.0024329574356273965,0
138,3.3648039850512443,1.0641775951712367,17.84478092293346,1.1324739540644366,0.3165251381626668,6.142002102948284,3.35639307444116,1.520556713829877,0.8173467797923931,13.097202804608985,0.6680557584369947,-0.25730876990196144,8.477364719075126,2.6935534053611723,0.6711993774300619,0.7181908007965199,11.46683276731324,0.5157980263487465,-0.5189503593453245,8.807343683397772,2.25170664508128,0.9897351806665801,0.0016811687859544632,0.001698604655865832,0
139,3.3808945787885825,0.9616623271330182,17.834007019198047,0.9247944314268922,0.11919269294640848,6.225308468260584,3.1259064523233677,1.560227674023357,0.8159177568281408,13.01400446018983,0.6657217859074652,-0.4788629410881123,8.5193083081524,2.6501161909520317,0.6286623260390419,0.7102195707997028,11.128657924013993,0.504411838746914,-0.7537012944168395,8.856870477707588,2.2325339009965464,0.9907944183747909,0.001213074406489462,0.0012243452163156906,0
140,3.5881397138581854,0.9353185456669242,18.203901659897006,0.8748207818684901,0.21854726455060575,6.239543925365249,3.0504255852196476,2.056660489993623,0.7933445434529005,13.943510935805765,0.6293955646264912,-0.6432457475158593,8.53647240267781,2.555780343960519,1.1918677164580957,0.7203720896492469,12.304100763641447,0.5189359475456227,-0.7020328968454149,8.845044612140509,2.3250854553121414,0.9834226645570675,0.002694568568365951,0.002739990306792026,0
141,3.072870379616209,1.0278219828414425,19.028486497834567,1.0564180284121147,0.8696575560973849,5.5050043419551,3.2473927131915774,1.6799468898078451,0.7314355937054986,13.000091709187057,0.5349980277393153,-0.7397134411518762,8.585526096136856,2.356352967881098,1.1488142937985275,0.6488190675550465,11.961369513580792,0.420966182423,-0.9814958366568951,8.90718979936257,2.097132887931786,0.9967485600604572,0.0008499154180479211,0.0008526878814817349,1
142,3.241200885492011,0.9851606172523858,17.924245156954207,0.9705414417851018,0.5646878303047621,6.0334314473255235,3.2593573623445025,1.499542419097229,0.7948144090709593,12.908845835661547,0.6317299448668183,-0.6295535982845754,8.520519856839973,2.5303493377064634,0.7166394278656977,0.726798094072423,11.424011735110774,0.5282354695473067,-0.7963001450136341,8.833736503626819,2.304659022973164,0.991927623252664,0.0014909548033554118,0.0015030882983844834,1
143,3.5876979580779156,0.9193483727061096,17.97951831967584,0.8452014303973718,0.17651295665781255,6.354476964370772,3.0924607930740624,1.7203808830754697,0.8255217869851645,13.43468006535343,0.6814862207871794,-0.2972119503176602,8.491265176130948,2.727155522870493,0.6879452972994407,0.6758740370302989,11.159965477960489,0.45680571393163383,-0.7728107377025711,8.87787045300709,2.15753778068105,0.9884215315100122,0.001079563093648642,0.0010922092034957927,1
144,3.2350274925671503,1.0273382703660183,18.03775146160616,1.055423921758642,0.08471893744719768,6.09825955051034,3.2834969846358355,1.599063113765865,0.7489648694726373,12.956573409757697,0.5609483757041646,-0.6420853426534683,8.556036049493146,2.4634222297480983,1.0531445058216786,0.6626204003690406,11.857504146720204,0.43906579498522763,-0.848972289338069,8.887410609264773,2.1025138006358803,0.991785534500222,0.002052912617820566,0.002069915870324792,1
145,3.299501745095325,1.0191062822050128,18.080419228198895,1.038577614429723,0.4055760325001565,6.03246988235688,3.3433551703389384,1.6865800279100625,0.7754250989232774,13.149910704504178,0.6012840840401745,-0.5663893278540076,8.549361347782659,2.5432175412433535,0.9072553618835805,0.6846226629010871,11.575491938673206,0.46870819055777546,-0.8972514718907759,8.883947198592818,2.19576224661106,0.9913564828783795,0.0014831184034813216,0.0014960495332366449,0
146,3.4096514818274657,0.9438151378258672,17.9810679330341,0.8907870143892608,0.6176398383278229,6.181705071047517,3.201949946287791,1.7976248508959844,0.7476226350789419,13.321979501848729,0.5589396044823807,-0.4752061944756765,8.561425888138773,2.441877947004099,0.9987939670129016,0.6994739708027088,11.796882729616286,0.4892638358305087,-0.8973292560628058,8.875663487492954,2.2556647017524627,0.9885947050110719,0.002038265582138265,0.0020617808003689816,0
147,3.3894265490228546,1.0397819507628274,18.66949983167778,1.0811465051321507,0.1622737465866486,6.0123327735170955,3.249848221618169,1.8546172215294934,0.7640579455419175,13.512094186419054,0.5837845441457359,-0.49739604273629673,8.542735502438191,2.484662603978287,1.3872974386801813,0.8843699784071615,13.35650482691056,0.7821102587078833,-0.18020937818928173,8.667292541303638,2.9821675163532455,0.9894291734067885,0.004875063741528333,0.0049271477661635785,1
148,3.403997288703049,0.9620135072390515,18.277699592270565,0.9254699881103806,0.5601882129993705,6.061400545777186,3.1705711043738525,1.7611933510659814,0.7248766670039114,13.224807074006984,0.5254461823666995,-0.4256797854434751,8.566110045267184,2.373414020725678,0.8903156038430122,0.685316868738393,11.527104798124762,0.46965921057739585,-0.9962892280573463,8.887168557006689,2.187480624096236,0.9924957352652767,0.0011614020295349866,0.00117018339552317,0
149,3.240576080162999,0.9462477428904215,17.760638370307984,0.8953847909252171,0.7103188705314023,6.088927401208718,3.165129462646564,1.4481531747864693,0.7966251756731402,12.814239172046173,0.6346116705162614,-0.510262094385653,8.516415949904545,2.5975466525256734,0.5879412853608192,0.7214939864097347,11.183380074585363,0.5205535724254104,-0.6885004548374951,8.832549218374666,2.3260068317019864,0.9915710310215384,0.0013799293326488002,0.0013916595881458603,0
150,2.8507629019407017,1.0249189991532532,17.712613659854217,1.0504589548253063,0.6095213454020837,5.870038121904989,3.3466367754878696,1.1991791715447158,0.8067658145840154,12.270613101295744,0.65087107958141,-0.5879815733933602,8.526929842495603,2.651908942928045,0.42147238967482026,0.6772555143811644,10.655401931506779,0.4586750317596955,-0.7715551053976588,8.873465877353414,2.177161612999144,0.9948348309874538,0.0008567278226721231,0.0008611759419618949,0
151,3.3587569167275544,0.9507305883881664,19.223207082443878,0.9038886516969091,0.42188440338282834,5.682168326970439,3.075569083413198,1.837836986722879,0.7658810798822034,13.405236885510577,0.5865738285215301,-0.6687562667930861,8.5619810679887,2.4618299673074846,1.1179281694714367,0.6880215494823055,11.999637053372512,0.4733736525520326,-0.8432756460493213,8.88264772327904,2.2505019338083576,0.9963108309266088,0.0007265043990013417,0.0007291945208762447,1
152,3.1317989281859067,0.9931251624257347,18.80136201604073,0.9862975882431418,0.07039803122930113,5.766976362790129,3.344738438823611,1.4648409816722519,0.7821997618305461,12.745175022205993,0.611836467407763,-0.5773097642331066,8.540149754258508,2.5538632695837404,0.6999081151889113,0.6970947729771537,11.24480906153006,0.48594112251206945,-0.7185581568147238,8.86479882269649,2.2418551909256808,0.9971421976542125,0.0005211801241789899,0.0005226738226554563,1
153,3.374204811610304,0.9252117801439954,19.234110823055097,0.8560168381172208,0.4496336268059592,5.789729388345961,2.9925377315699215,1.812811916299127,0.7377741703915812,13.270605603128777,0.544310726496986,-0.7230242111649083,8.583224773072331,2.4333630543222275,1.1185585708032353,0.6767325459933125,11.943068158975683,0.45796693880659073,-1.1066982972376167,8.897959183581037,2.1409607185964568,0.9967580428425583,0.0006794072115106685,0.0006816169845724368,1
154,3.649998266723782,0.9879960723252398,18.47497202397967,0.9761362389301004,0.30410061750666156,6.192426537874187,3.1549652150327203,1.9817730418084296,0.8185658206612892,13.849516414869907,0.67005000275489,-0.5069103137274399,8.521612758504094,2.6652763481808375,1.288670034097164,0.7308968908228671,12.520822460463961,0.5342102650145342,-0.5770143934724125,8.835896334575546,2.4144177607604798,0.9877574972676288,0.002563279916960079,0.002595049821490313,1
155,3.5771730124010745,0.9557821726358507,18.50058514871853,0.9135195615285072,0.4801498115472919,6.154592709441143,3.306544221737501,1.916919836990533,0.743223028227598,13.562348681088293,0.552380469687801,-0.5939574162103579,8.562324601650968,2.411171082425989,1.3519078973268468,0.6766107497013272,12.449295193470505,0.457802106611392,-0.9452594102113645,8.888747383226884,2.15062379820131,0.9905677649064341,0.0023326111921287097,0.002354822430900566,0
156,3.4109389310692197,1.0308504165384176,17.92146433506058,1.0626525812774292,0.3881197191515353,6.15192858289295,3.4081349491670005,1.7882203620566302,0.7899295955033503,13.464872918969471,0.6239887658520866,-0.5406583334435765,8.52078405586515,2.563161486764388,1.1894793677349504,0.68339508114213,12.161012383065286,0.4670288369292585,-0.8798971192276971,8.880165233802199,2.1898666175355115,0.9854629146578463,0.003103900489145872,0.0031496877690456258,1
157,3.294185754928356,1.0872107604061318,18.28884647121005,1.1820272375428795,0.42241085839212994,5.9449601232883325,3.378904039455519,1.3595656976327342,0.832171534465411,13.042036989545752,0.6925094627745169,-0.12898264610698626,8.413011728435265,2.651189499979951,0.5192604914875688,0.7588484075701732,11.532615611036732,0.5758509056717878,-0.3410292942076355,8.725786764005434,2.4332048545045466,0.9936131597779875,0.001156174945180468,0.0011636067153526863,0
158,3.057185407710041,1.0951198619898366,18.662006634434384,1.199287512124639,0.45389891230436125,5.6302759020090765,3.645003422474743,1.4373789824205954,0.8134940443129351,12.961978861770415,0.6617725601326157,-0.23476554789675236,8.471514579920148,2.6363134211611707,0.6432527606906489,0.7478138007875035,11.51861875959956,0.559225480648252,-0.47959954350786144,8.777552580696812,2.394343873829743,0.9958810921415626,0.000786816666716987,0.0007900708959389928,0
159,3.284010585504602,1.0686594313860227,18.127447792176334,1.1420329802902973,0.39209910421758737,5.990548273933292,3.4985919568829056,1.7467281122434937,0.7396706884448246,13.239858748410164,0.5471127273444408,-0.4167855390932647,8.555506491797452,2.4203891899102374,1.1745305631438112,0.6892944862631483,12.126275153142261,0.4751268887927775,-1.0511412797193531,8.881370154031671,2.1388436776748434,0.9900838887011053,0.0024512964223051474,0.0024758471986863783,1
160,3.376688868061836,0.9961839928960042,17.835754255639188,0.9923825477022262,0.4158969729933444,6.201503632570139,3.3513172602754295,1.6737070036880115,0.8252205191864218,13.352684334123936,0.6809889052863076,-0.44565289122688817,8.493341036306418,2.6895504875846874,0.8195721816244798,0.734643724771417,11.74286400165439,0.5397014023460216,-0.5905358260168362,8.806938692965423,2.3947396844873294,0.9866238037989974,0.002228655662197862,0.0022588707606854995,0
161,3.2347135553273936,0.9968707985738634,17.696768260711764,0.993751389049292,0.26380441462013027,6.134803416709921,3.124240810233406,1.6181253663610262,0.7576832975312667,13.036550210037374,0.574083979357854,-0.4636871192959567,8.544381756096257,2.4822292064143436,1.1757643204472354,0.6661761062256826,12.073647857998903,0.4437906045060119,-0.971082288162968,8.893700411819935,2.116100536606462,0.9870910728264359,0.003566703945772929,0.0036133483970835953,1
162,3.4623441567377005,0.9052458042242442,18.025217338378162,0.8194699660655985,0.36180274287405534,6.249598884286952,3.1093887115388363,1.7519653069101682,0.7846369144716465,13.321006691632762,0.6156550875515859,-0.5065428234845866,8.539684389856138,2.5223989272848906,0.9673950889255923,0.6802977847521704,11.676218937160879,0.4628050759387104,-1.0153217083435502,8.889290412126936,2.181415538096702,0.9893099537468092,0.0017298060328174649,0.0017484975525275755,0
163,3.323655940070673,1.0081828241213369,17.977991571372115,1.0164326068532743,0.3339171828339437,6.085471321546599,3.321587766594301,1.640601956331319,0.7532987853356483,12.994041118700062,0.5674590599881632,-0.7437428066379128,8.567092100947416,2.451783695634408,1.163382755066543,0.6459487612096939,12.044687253688124,0.4172498021083381,-0.8244250955903752,8.894035003516064,2.0366023908891204,0.9905926658872127,0.002624785290846653,0.0026497120170941245,1
164,2.8277754325927495,1.06769302872394,18.58237747605434,1.1399684035857,0.5467288362465527,5.5162896063220686,3.4687067295409877,1.252424680941436,0.7711908681424431,12.330353874359037,0.594735355106295,-0.3900621232115851,8.536178319219417,2.519380274408354,0.4885808578012251,0.7332346273502567,10.93095793616702,0.5376330187454698,-0.6219507060023993,8.833851925333015,2.4081319645239914,0.9976038349372185,0.0004742297825849852,0.00047536884480283657,0
165,3.4182408228406,1.0164291954235463,18.7948341894316,1.0331283093093575,0.3695776751203003,5.9331344505033154,3.246737520704835,1.7018669541610496,0.8026588146190228,13.406954762105924,0.6442611726856148,-0.42226775396271016,8.49851170414326,2.635309674095827,0.7741821425322094,0.6995920622480063,11.644368170836943,0.4894290535604184,-0.5975581119012364,8.820267462272167,2.213539659639837,0.9946723795647088,0.0007803188955319409,0.0007844984052672963,0
166,3.366267748979867,0.973252118463436,17.354013638640804,0.9472196860935659,0.4650438703447544,6.279416118718207,3.290433351097099,1.5473987069128394,0.7735684516603383,12.90482778183766,0.5984081494041732,-0.5137056407432427,8.539553045068299,2.522784682324028,0.6233671451489655,0.7125330072194124,11.182304119114155,0.5077032863771392,-0.5454519472078412,8.840163117409155,2.3281610536943784,0.9864114494652226,0.0020592957173849076,0.0020876640457704976,0
167,3.0159110637654396,1.0216639757096952,17.847899685136852,1.0437972792629406,0.2221553853181142,5.968738098371007,3.1637985549208003,1.2730283915204839,0.7949306427676633,12.353721631078214,0.6319147268110105,-0.6682876803041078,8.542951453397722,2.592504745674277,0.4656286813979964,0.6928240432951313,10.747342880849242,0.4800051549678139,-0.7777707152196645,8.869979548741803,2.2383468255567243,0.9950889579395203,0.0008205957598172949,0.0008246456291872242,1
168,3.3588895220758954,0.9892459375387657,17.61156215441868,0.9786075249369515,0.36845946581599354,6.249195088518254,3.4481181931656497,1.5723895598489726,0.8574368078413014,13.160400239038417,0.7351978794410808,-0.4811578822259123,8.487548476770726,2.8671631861981317,0.7382706254808687,0.7409759499487876,11.59147520613063,0.5490453584025081,-0.543454455175192,8.797613146166725,2.3257682151985266,0.986101429208731,0.002395692349754258,0.0024294583485966682,0
169,3.2965871202415435,0.9651464742672091,17.938985417267503,0.9315077167904247,0.6479442754071119,6.085232580209453,3.190411012829417,1.5347199280183925,0.7924565075037918,13.015375192544834,0.6279873162851072,-0.34426990183959516,8.507778475928127,2.5886654106406968,0.6487548099019886,0.7371250031497321,11.25198022886628,0.5433532702684924,-0.77598684036202,8.839910835816234,2.348941291837265,0.9915521358332456,0.0012364771657453135,0.0012470117516374935,1
170,3.0395681878416627,1.0020628452165885,17.40538434012754,1.0041299457635644,0.6794431471688755,6.069727283977516,3.3802167955940625,1.2754936030226756,0.754008553658355,12.335118247434485,0.5685288989899643,-0.480737715874609,8.54729169213931,2.486589027054941,0.5673124591993253,0.6841254104793969,10.945356987237556,0.46802757726360333,-0.7727190279981724,8.871998117760874,2.1580140144787583,0.9922155711820881,0.001552572201654597,0.0015647529092946214,1
171,3.15410898440361,1.0588606678347559,17.461680051092095,1.1211859138874651,0.39728203949139435,6.0750900735846365,3.4832243646488,1.5066112762463029,0.7813380170227541,12.900132606660627,0.6104890968450496,-0.3841465683620244,8.521856434917929,2.6011534123361972,0.8062501065441375,0.6803409266922389,11.539523950178362,0.4628637765324543,-0.5398003570651975,8.844318551517242,2.1366994848075493,0.9870447427634219,0.0026447043168026448,0.0026794168513559835,0
172,3.082964366021248,1.007289189088955,18.404678881048785,1.0146315104554848,0.6145951825740821,5.808664767423619,3.363554361509376,1.3644910469887093,0.8008619240452551,12.563146878547409,0.641379821385468,-0.9411304510984155,8.53713062997798,2.572358572806166,0.5435026701712347,0.699922266155202,10.910143947272886,0.4898911786598335,-0.9409223796298452,8.869942953158306,2.259189789725797,0.9965514288268268,0.000554197484247188,0.0005561152873962637,0
173,3.7210553619851545,0.9409302343423462,18.288297716510773,0.8853497058995426,0.2306947346229689,6.293761878908761,3.1260719648680233,2.081415693511079,0.7927324197989993,14.018610810484795,0.6284246894003769,-0.4827631769502147,8.528374315459299,2.553530776808339,1.1053275463261572,0.7538315971822136,12.14793407556697,0.5682620769102872,-0.8921176497243596,8.84013878890448,2.426614328884902,0.9841160698303582,0.0021199239307039303,0.0021541401422998435,0
174,3.4630833094510716,0.9418080172881605,17.79968396423503,0.8870023414282562,0.5570261740124882,6.212079687987993,3.1600156620463222,1.9779417489575257,0.7358504742170164,13.630237585306478,0.541475920405408,-0.644461641945212,8.576095375927492,2.3811019751991287,1.3501602968951603,0.6719390869054621,12.43633156567908,0.4515021365113462,-0.9018266268657943,8.889338593783645,2.151608693334593,0.9802518555556728,0.004592649706223707,0.004685173182988043,1
175,3.179709408364844,0.9207671722702018,17.736523855464036,0.8478121855304633,0.46696623936534415,6.0946669183735995,2.982107315656126,1.526413520316797,0.7850313136645249,12.902631840979604,0.6162741634338497,-0.42688534863634303,8.529906227358468,2.5501391130512423,0.6687865087098775,0.711498824665421,11.291952491219657,0.5062305775002756,-0.7169311792195727,8.839680397349047,2.272369559810447,0.9905456149474033,0.0015741013740338185,0.0015891255791560907,0
176,3.4418768514840563,0.9171876557552251,17.831392343234754,0.8412331958697653,0.6545993303129116,6.157871398129768,2.917977370270677,1.9916769119915922,0.7409230002975777,13.732705444621638,0.5489668923699644,-0.5388404195836156,8.558242761965282,2.3776285369086665,1.4967412514964347,0.6409031374148627,12.705026912692524,0.41075683154821446,-0.8883977416147334,8.897462972479646,2.0628714805794157,0.9779639729438092,0.0058072515353238575,0.005938103750226313,1
177,3.427905785433789,1.0498254462413668,17.296065286635212,1.102133467575885,0.26780997664236067,6.296937562561016,3.2799238224064373,1.6633594286105395,0.8348918766632084,13.391139549855238,0.697044445718214,-0.31865807147591324,8.4754193186288,2.74943204850795,0.7526463793702595,0.7624067040599967,11.721779946015062,0.5812639823956273,-0.41334501838059085,8.773010754541268,2.4112399848439994,0.9766229319361935,0.0037054892159858444,0.0037941861641929355,0
178,3.8185857183082943,0.8498338802025074,18.35641630701898,0.7222176239400496,0.21603020937261205,6.3951592184302655,2.771723283677792,2.4628189809091885,0.7828492609953082,14.679413525859228,0.6128529654409001,-0.6541158018995411,8.556628809566574,2.5493270856393915,1.7913756013981208,0.7036823208891296,13.406663851461007,0.49516880873191205,-0.959901024718522,8.868892364653028,2.2492779599675763,0.9686319680093769,0.006862914997370287,0.007085162604610475,1
179,3.3426649780880955,0.9139634099270363,18.754428431750608,0.8353291146854557,0.3948365948067674,5.935029617693089,2.9549011829467533,1.9245942989815457,0.7451238308867969,13.56129431435508,0.555209523355416,-0.574444589646861,8.564967387085288,2.3959204638705005,1.1351199058666124,0.7305024380264203,12.15421394182933,0.5336338119625441,-0.7620435864828953,8.85289637769635,2.382802658140511,0.9931328368969973,0.0013507364179328276,0.001360076283604868,1
180,3.301510756392018,0.9951053516611613,18.723712180891898,0.9902346609046836,0.24029382696828608,5.880143331368396,3.3408642252198337,1.3975280812560764,0.8439943822999566,12.877118337801107,0.7123265173538853,-0.37566895288397,8.472792677707151,2.805639691392345,0.4354062180049424,0.764096001007106,11.142697603566099,0.5838426987550512,-0.5595015748315285,8.770306503542052,2.3953875784421936,0.9966117505112326,0.0005083153272960778,0.0005100434818627484,0
181,3.1536720609081335,0.9764508090407839,17.222862022271542,0.9534561824764013,0.4357893875774046,6.192051458437506,3.1629578093107953,1.8781684557850187,0.7119343771882197,13.329581025356505,0.5068505574223784,-0.8584210057395777,8.601882372616618,2.2821101499603302,1.482623917163295,0.6428738212658722,12.600339399501385,0.41328675006898463,-1.1483925893382971,8.915091854129797,2.017722638038616,0.9706793232038821,0.009539809691759032,0.009827972496901828,1
182,3.5540810035463757,0.8843257300324389,18.484595912403332,0.7820319967974059,0.3302412521584369,6.183668981484361,2.8576204037276103,2.1593753446658823,0.7768865716427713,14.050913910505047,0.6035527451988588,-0.7839786384141684,8.561866138957768,2.4569762994978332,1.4388122329488862,0.686196686149165,12.689124684462442,0.47086589208209567,-0.8563073625643721,8.870731479887734,2.2026186697220895,0.9853071023536798,0.002996611480148141,0.0030412969448711997,1
183,3.4436920491789045,0.9600467745510921,18.46835491440762,0.9216898093259556,0.6732133730204729,6.045593132414313,3.1626452031220493,1.7150434016913223,0.7831490059431702,13.270722996701025,0.6133223655097756,-0.517936886675081,8.533404883883374,2.5577213287082423,1.1348279224595652,0.6784978498570516,12.106269516137553,0.4603593322606422,-0.7278520441276528,8.864866836772052,2.1448167666155076,0.9927968541287789,0.0017133331211037538,0.0017257640513046104,1
184,3.2129740310367834,0.9873224348996601,17.282915478791015,0.9748055904561935,0.5454254455686961,6.1742764250201105,3.150122742820412,1.389826488006999,0.7979726206141423,12.698542946861735,0.6367603032498018,-0.42390341717732527,8.513599260910024,2.611229646014539,0.5559416313356607,0.6795671253902316,10.992390416567135,0.4618114779111427,-0.6012910493972183,8.855136515118227,2.191583731939058,0.988079863161355,0.0018316889512782586,0.0018537863380979974,0
185,3.2422616037091854,0.9351393811022968,18.89148140619399,0.8744856620883866,0.250776864657632,5.8230392316251365,3.077168070415971,2.028805117748238,0.7517138667720982,13.806914019171323,0.5650737374974597,-0.5436256173074481,8.557528565326807,2.4704049008308755,1.5668603887533774,0.709975131829822,13.184237341543609,0.5040646878167732,-0.5826776375689067,8.821406482980919,2.237395898920024,0.9905762717943066,0.003290510769611848,0.003321814648004332,1
186,3.3207986740694646,1.017311292868054,18.43088228747953,1.0349222665968716,0.6591165328100568,5.925064092930092,3.3230932064876417,1.6361746211735544,0.8458978835026715,13.471874290003361,0.7155432293142993,-0.4514943743215778,8.450861601207638,2.729989852385211,0.7496009799665255,0.7822400842381669,12.054317910534547,0.6118995493889344,-0.28907356144868457,8.701890574858751,2.4359775150257263,0.9913545507200444,0.0016862512402650923,0.0017009567757976475,0
187,3.2317650629294583,0.9269880914918441,18.858086273833326,0.8593069217676916,0.3946837507874995,5.791791842048319,2.982215632569849,1.8346998655544537,0.773189437053587,13.434433511077769,0.5978219055712428,-0.5537217379792008,8.552191421674195,2.5332210737469256,1.2599402868344103,0.7110725064811783,12.332545384336514,0.5056241094734253,-0.8787406532612847,8.870729285877012,2.293999886417006,0.9941578007898288,0.001456964348602575,0.0014655262448728563,1
188,3.294081478728932,1.0169815386788683,18.365184636975798,1.0342514500136386,0.3304545625901341,5.9971572533487265,3.2934654281592985,1.450638937407457,0.8733129102694377,13.002064659828388,0.762675439243275,-0.388095510255844,8.465516242899639,2.8229996564373567,0.5031730728874169,0.7523065267431317,11.196048603370093,0.5659651101803144,-0.42332246322628,8.779255709768728,2.3999689114288842,0.9945733591771023,0.0007658092408040971,0.0007699876874217887,0
189,3.359777750133328,0.940475588108148,17.662095573109966,0.8844943318273668,0.4060661636370207,6.251967162722034,3.042074980564993,2.0192351744156345,0.7130239937541646,13.593688661707425,0.5084032156691389,-0.8825715371501971,8.606178391185852,2.342933692655764,1.5167486689277885,0.6458606139554443,12.71366236095711,0.4171359326589034,-0.9299830559727675,8.902962549542254,2.0796283019103696,0.9763726300307898,0.006926891076688486,0.00709451582688266,1
190,3.3766317982066334,0.8811208224588722,18.41755590053256,0.7763739037705994,-0.3062301830505785,6.131792968981698,2.613264538838319,2.087430879450061,0.7620815405517596,13.917197207446817,0.5807682744497432,-0.6194252078034251,8.558968275444403,2.4874582511924013,1.5164771184785817,0.6675450618661546,12.754461786411774,0.44561640962188814,-0.9912144379999408,8.893401451604518,2.112355844210938,0.9856326586624915,0.003421878310566214,0.003471758246332584,1
191,3.589225296841974,0.8888872240817957,18.511865181197074,0.7901204971358403,0.13952294056248185,6.1977113663301715,2.872209088575499,2.0638090767875936,0.7661710957530542,13.863797779137956,0.5870181479674358,-0.5405053111440926,8.558904761379917,2.4891401055559856,1.3151562071349845,0.6605480549423031,12.348192686506788,0.43632373288805976,-0.829250766811892,8.893018967620751,2.1178715379352435,0.9884503444173109,0.0020802038909272865,0.0021045102595958543,1
192,3.4497226808166412,0.8800857911355524,16.993300737640585,0.7745509997586912,-0.04366225078716357,6.501410620002671,2.766867526352823,2.2769490826262806,0.7026222376919874,14.089397542030518,0.49367800889929564,-0.8963813469550066,8.611257077690704,2.265479392265563,1.7257069399115754,0.6501183792059085,13.114493016979235,0.4226539069813175,-1.0265523211692322,8.907706006432399,2.092415352466816,0.9298136371564983,0.019224325980607866,0.020675461417621898,1
193,3.606008367205526,0.9613425409057964,18.46462724384529,0.9241794809552127,0.39163550659408985,6.164749238423637,3.0302590994977785,1.9769201249530999,0.7670945636464946,13.705319173987881,0.5884340695760061,-0.5721023485199351,8.555422909583804,2.5215839716502204,1.181281170292624,0.7045589078772729,12.210605676118384,0.49640325466921553,-0.7199876544989136,8.861384479320298,2.2936635744336167,0.9896147409225572,0.0019027384711097154,0.0019227062738939285,0
194,3.4179075033142925,1.0183094356955633,18.260366900776646,1.0369541068266166,0.12575553912721296,6.101657628183512,3.1622612459258246,1.7949446070533588,0.7731322120483182,13.384446389164177,0.5977334173067257,-0.5299478202990734,8.543593477969194,2.5400497536339612,0.8026624578863168,0.7457982280921992,11.523601693744597,0.5562149970254641,-0.7755314616268122,8.844424722455493,2.412029158293489,0.9912624691577299,0.0011761120729507429,0.0011864789695408106,1
195,3.0407265679652933,1.098276491374457,17.97446211190783,1.2062112515057875,0.2795014037136307,5.900477401228342,3.7293572783205535,1.2345454136045617,0.7867196020697441,12.367217998483083,0.6189277322807766,-0.5000091154981364,8.519129581008109,2.537669499592615,0.5526422381243203,0.6875803740433791,11.017706826128805,0.4727667707696332,-0.6680663937440926,8.852138648978173,2.1902112169874925,0.9953979231415585,0.0009477991125143915,0.0009521811232266376,0
196,3.2047653844676116,1.1250391697680415,18.32273442008896,1.2657131335123641,0.5703202585361333,5.908338763264209,3.7086928130845265,1.4482428449166844,0.8350907296344907,13.23213515830781,0.6973765267214661,-0.34253177331774176,8.424029334249912,2.6229341030535576,0.5158449369925774,0.7272246614671889,11.578672573050673,0.5288557082460674,-0.45890092575247254,8.738637611631326,2.273877358755577,0.9927211857106208,0.001169279793114407,0.0011778531675813888,1
197,3.2545635052911766,0.999810526835955,17.51707407395747,0.9996210895719897,0.16208797316432205,6.2158188415669695,3.070830005351505,1.5857053682619118,0.7245846649894141,12.817469637640224,0.5250229367378215,-0.6091420331872138,8.581422876845949,2.3315099138180537,0.7587835760741086,0.6851329060737757,11.281839225050712,0.46940709898509725,-0.8374638303256615,8.88225646408169,2.2364023446703998,0.9890628983320741,0.0019377414204822094,0.001959169051584038,0
198,3.123635094913948,1.023574990528943,18.276961460378818,1.047705761236326,0.3552687468244568,5.867903100743357,3.427190858420815,1.280619345037298,0.7780924586597147,12.406342240074464,0.6054278742231198,-0.40436355232607424,8.5305372135943,2.5890168819557124,0.39608355581778737,0.6744304427836317,10.530743814983708,0.45485642215332556,-0.9667872108416455,8.889209873042748,2.106275773832865,0.9967570501983307,0.0004309726767185664,0.00043237484664172994,1
199,3.7150604899208526,0.8898520474008518,17.94932200711328,0.7918366662634878,0.05882709126809724,6.422784963514891,2.9705168165622657,2.2693780518655475,0.7542978266252283,14.237136017439589,0.568965211251543,-0.633309985216891,8.569788032072644,2.4256499845268555,1.6415701982334974,0.6553256900144149,12.982477307895458,0.429451759992869,-0.8632751317909471,8.897954506224496,2.126999980920259,0.9695661293180294,0.0067531156951449785,0.006965090354275232,1
